Tag Name,Address,Data Type,Respect Data Type,Client Access,Scan Rate,Scaling,Raw Low,Raw High,Scaled Low,Scaled High,Scaled Data Type,Clamp Low,Clamp High,Eng Units,Description,Negate Value
Name,DB50:STRING20.16,String,1,RO,1000,,,,,,,,,,HMI当前用户,
111AL.带电,"DB185,D450.1",Boolean,1,RO,1000,,,,,,,,,,111AL风扇电机,
111AL.挂牌,"DB185,DBW518",Short,1,R/W,1000,,,,,,,,,,111AL风扇电机,
111aR.带电,"DB185,D504.1",Boolean,1,RO,1000,,,,,,,,,,111aR皮带热风机,
111aR.挂牌,"DB185,DBW578",Short,1,R/W,1000,,,,,,,,,,111aR皮带热风机,
111AZ.带电,"DB185,D414.1",Boolean,1,RO,1000,,,,,,,,,,111AZ制动电机,
111AZ.挂牌,"DB185,DBW478",Short,1,R/W,1000,,,,,,,,,,111AZ制动电机,
111BL.带电,"DB185,D432.1",Boolean,1,RO,1000,,,,,,,,,,111BL风扇电机,
111BL.挂牌,"DB185,DBW498",Short,1,R/W,1000,,,,,,,,,,111BL风扇电机,
111bR.带电,"DB185,D486.1",Boolean,1,RO,1000,,,,,,,,,,111bR皮带热风机,
111bR.挂牌,"DB185,DBW558",Short,1,R/W,1000,,,,,,,,,,111bR皮带热风机,
111BZ.带电,"DB185,D396.1",Boolean,1,RO,1000,,,,,,,,,,111BZ制动电机,
111BZ.挂牌,"DB185,DBW458",Short,1,R/W,1000,,,,,,,,,,111BZ制动电机,
113.带电,"DB185,D576.1",Boolean,1,RO,1000,,,,,,,,,,113电动葫芦,
113.挂牌,"DB185,DBW658",Short,1,R/W,1000,,,,,,,,,,113电动葫芦,
114.带电,"DB185,D468.1",Boolean,1,RO,1000,,,,,,,,,,114排污泵,
114.挂牌,"DB185,DBW538",Short,1,R/W,1000,,,,,,,,,,114排污泵,
11AP.带电,"DB185,D2952.1",Boolean,1,RO,1000,,,,,,,,,,11AP皮带检修电源,
11AP.挂牌,"DB185,DBW3298",Short,1,R/W,1000,,,,,,,,,,11AP皮带检修电源,
11M1X_1.带电,"DB185,D3114.1",Boolean,1,RO,1000,,,,,,,,,,11M1X储煤场下照明电源1,
11M1X_1.挂牌,"DB185,DBW3478",Short,1,R/W,1000,,,,,,,,,,11M1X储煤场下照明电源1,
11M2X_1.带电,"DB185,D3096.1",Boolean,1,RO,1000,,,,,,,,,,11M2X储煤场上照明电源1,
11M2X_1.挂牌,"DB185,DBW3458",Short,1,R/W,1000,,,,,,,,,,11M2X储煤场上照明电源1,
121.带电,"DB185,D54.1",Boolean,1,RO,1000,,,,,,,,,,121转载皮带,
121.挂牌,"DB185,DBW78",Short,1,R/W,1000,,,,,,,,,,121转载皮带,
121Y.带电,"DB185,D594.1",Boolean,1,RO,1000,,,,,,,,,,121Y液压站,
121Y.挂牌,"DB185,DBW678",Short,1,R/W,1000,,,,,,,,,,121Y液压站,
122.带电,"DB185,D270.1",Boolean,1,RO,1000,,,,,,,,,,122转载皮带,
122.挂牌,"DB185,DBW318",Short,1,R/W,1000,,,,,,,,,,122转载皮带,
127.带电,"DB185,D1404.1",Boolean,1,RO,1000,,,,,,,,,,127原煤给煤机,
127.挂牌,"DB185,DBW1578",Short,1,R/W,1000,,,,,,,,,,127原煤给煤机,
127F.带电,"DB185,D1260.1",Boolean,1,RO,1000,,,,,,,,,,127F风扇电机,
127F.挂牌,"DB185,DBW1418",Short,1,R/W,1000,,,,,,,,,,127F风扇电机,
127z.带电,"DB185,D522.1",Boolean,1,RO,1000,,,,,,,,,,127z闸板,
127z.挂牌,"DB185,DBW598",Short,1,R/W,1000,,,,,,,,,,127z闸板,
128.带电,"DB185,D1422.1",Boolean,1,RO,1000,,,,,,,,,,128原煤给煤机,
128.挂牌,"DB185,DBW1598",Short,1,R/W,1000,,,,,,,,,,128原煤给煤机,
128F.带电,"DB185,D1278.1",Boolean,1,RO,1000,,,,,,,,,,128F风扇电机,
128F.挂牌,"DB185,DBW1438",Short,1,R/W,1000,,,,,,,,,,128F风扇电机,
129.带电,"DB185,D1440.1",Boolean,1,RO,1000,,,,,,,,,,129原煤给煤机,
129.挂牌,"DB185,DBW1618",Short,1,R/W,1000,,,,,,,,,,129原煤给煤机,
129F.带电,"DB185,D1296.1",Boolean,1,RO,1000,,,,,,,,,,129F风扇电机,
129F.挂牌,"DB185,DBW1458",Short,1,R/W,1000,,,,,,,,,,129F风扇电机,
129z.带电,"DB185,D540.1",Boolean,1,RO,1000,,,,,,,,,,129z闸板,
129z.挂牌,"DB185,DBW618",Short,1,R/W,1000,,,,,,,,,,129z闸板,
130.带电,"DB185,D1458.1",Boolean,1,RO,1000,,,,,,,,,,130原煤给煤机,
130.挂牌,"DB185,DBW1638",Short,1,R/W,1000,,,,,,,,,,130原煤给煤机,
130F.带电,"DB185,D1314.1",Boolean,1,RO,1000,,,,,,,,,,130F风扇电机,
130F.挂牌,"DB185,DBW1478",Short,1,R/W,1000,,,,,,,,,,130F风扇电机,
131.带电,"DB185,D1476.1",Boolean,1,RO,1000,,,,,,,,,,131原煤给煤机,
131.挂牌,"DB185,DBW1658",Short,1,R/W,1000,,,,,,,,,,131原煤给煤机,
131F.带电,"DB185,D1332.1",Boolean,1,RO,1000,,,,,,,,,,131F风扇电机,
131F.挂牌,"DB185,DBW1498",Short,1,R/W,1000,,,,,,,,,,131F风扇电机,
131z.带电,"DB185,D558.1",Boolean,1,RO,1000,,,,,,,,,,131z闸板,
131z.挂牌,"DB185,DBW638",Short,1,R/W,1000,,,,,,,,,,131z闸板,
132.带电,"DB185,D1494.1",Boolean,1,RO,1000,,,,,,,,,,132原煤给煤机,
132.挂牌,"DB185,DBW1678",Short,1,R/W,1000,,,,,,,,,,132原煤给煤机,
132F.带电,"DB185,D1350.1",Boolean,1,RO,1000,,,,,,,,,,132F风扇电机,
132F.挂牌,"DB185,DBW1518",Short,1,R/W,1000,,,,,,,,,,132F风扇电机,
141.带电,"DB185,D72.1",Boolean,1,RO,1000,,,,,,,,,,141转载皮带,
141.挂牌,"DB185,DBW98",Short,1,R/W,1000,,,,,,,,,,141转载皮带,
141L.带电,"DB185,D288.1",Boolean,1,RO,1000,,,,,,,,,,141L拉紧装置,
141L.挂牌,"DB185,DBW338",Short,1,R/W,1000,,,,,,,,,,141L拉紧装置,
152.带电,"DB185,D198.1",Boolean,1,RO,1000,,,,,,,,,,152电动葫芦,
152.挂牌,"DB185,DBW238",Short,1,R/W,1000,,,,,,,,,,152电动葫芦,
153.带电,"DB185,D324.1",Boolean,1,RO,1000,,,,,,,,,,153电动葫芦,
153.挂牌,"DB185,DBW378",Short,1,R/W,1000,,,,,,,,,,153电动葫芦,
154.带电,"DB185,D216.1",Boolean,1,RO,1000,,,,,,,,,,154电动葫芦,
154.挂牌,"DB185,DBW258",Short,1,R/W,1000,,,,,,,,,,154电动葫芦,
155.带电,"DB185,D234.1",Boolean,1,RO,1000,,,,,,,,,,155电动葫芦,
155.挂牌,"DB185,DBW278",Short,1,R/W,1000,,,,,,,,,,155电动葫芦,
156.带电,"DB185,D648.1",Boolean,1,RO,1000,,,,,,,,,,156排污泵,
156.挂牌,"DB185,DBW738",Short,1,R/W,1000,,,,,,,,,,156排污泵,
157.带电,"DB185,D630.1",Boolean,1,RO,1000,,,,,,,,,,157排污泵,
157.挂牌,"DB185,DBW718",Short,1,R/W,1000,,,,,,,,,,157排污泵,
1ACL_Z.带电,"DB185,D2628.1",Boolean,1,RO,1000,,,,,,,,,,1ACL-Z应急照明电源,
1ACL_Z.挂牌,"DB185,DBW2938",Short,1,R/W,1000,,,,,,,,,,1ACL-Z应急照明电源,
1ACL_Z1.带电,"DB185,D3006.1",Boolean,1,RO,1000,,,,,,,,,,1ACL-Z应急照明电源1,
1ACL_Z1.挂牌,"DB185,DBW3358",Short,1,R/W,1000,,,,,,,,,,1ACL-Z应急照明电源1,
1AL_1.带电,"DB185,D2736.1",Boolean,1,RO,1000,,,,,,,,,,1AL-1照明总电源,
1AL_1.挂牌,"DB185,DBW3058",Short,1,R/W,1000,,,,,,,,,,1AL-1照明总电源,
1AL_Z.带电,"DB185,D3024.1",Boolean,1,RO,1000,,,,,,,,,,1AL-Z产品仓照明电源,
1AL_Z.挂牌,"DB185,DBW3378",Short,1,R/W,1000,,,,,,,,,,1AL-Z产品仓照明电源,
1AP.带电,"DB185,D2610.1",Boolean,1,RO,1000,,,,,,,,,,1AP主厂房照明电源,
1AP.挂牌,"DB185,DBW2918",Short,1,R/W,1000,,,,,,,,,,1AP主厂房照明电源,
1AP1.带电,"DB185,D3042.1",Boolean,1,RO,1000,,,,,,,,,,1AP主厂房照明电源1,
1AP1.挂牌,"DB185,DBW3398",Short,1,R/W,1000,,,,,,,,,,1AP主厂房照明电源1,
301.带电,"DB185,D36.1",Boolean,1,RO,1000,,,,,,,,,,301原煤皮带,
301.电源,I2.2,Boolean,1,RO,500,,,,,,,,,,原煤储煤场送至主厂房带式输送机,
301.挂牌,"DB185,DBW58",Short,1,R/W,1000,,,,,,,,,,301原煤皮带,
301.急停,I2.2,Boolean,1,RO,500,,,,,,,,,,原煤储煤场送至主厂房带式输送机,
301.运行,I2.2,Boolean,1,RO,500,,,,,,,,,,原煤储煤场送至主厂房带式输送机,
301.综保故障,I2.2,Boolean,1,RO,500,,,,,,,,,,原煤储煤场送至主厂房带式输送机,
302.带电,"DB185,D702.1",Boolean,1,RO,1000,,,,,,,,,,302电磁除铁器,
302.电源,I2.2,Boolean,1,RO,500,,,,,,,,,,原煤储煤场送至主厂房带式输送机,
302.挂牌,"DB185,DBW798",Short,1,R/W,1000,,,,,,,,,,302电磁除铁器,
302.急停,I2.2,Boolean,1,RO,500,,,,,,,,,,原煤储煤场送至主厂房带式输送机,
302.运行,I2.2,Boolean,1,RO,500,,,,,,,,,,原煤储煤场送至主厂房带式输送机,
302.综保故障,I2.2,Boolean,1,RO,500,,,,,,,,,,原煤储煤场送至主厂房带式输送机,
303.带电,"DB185,D738.1",Boolean,1,RO,1000,,,,,,,,,,303分级筛,
303.挂牌,"DB185,DBW838",Short,1,R/W,1000,,,,,,,,,,303分级筛,
303/A.带电,"DB185,D666.1",Boolean,1,RO,1000,,,,,,,,,,303/A电液闸门,
303/A.挂牌,"DB185,DBW758",Short,1,R/W,1000,,,,,,,,,,303/A电液闸门,
304.带电,"DB185,D720.1",Boolean,1,RO,1000,,,,,,,,,,304分级筛,
304.挂牌,"DB185,DBW818",Short,1,R/W,1000,,,,,,,,,,304分级筛,
304/A.带电,"DB185,D684.1",Boolean,1,RO,1000,,,,,,,,,,304/A电液闸门,
304/A.挂牌,"DB185,DBW778",Short,1,R/W,1000,,,,,,,,,,304/A电液闸门,
305.带电,"DB185,D1044.1",Boolean,1,RO,1000,,,,,,,,,,305脱泥筛,
305.挂牌,"DB185,DBW1178",Short,1,R/W,1000,,,,,,,,,,305脱泥筛,
306.带电,"DB185,D1026.1",Boolean,1,RO,1000,,,,,,,,,,306脱泥筛,
306.挂牌,"DB185,DBW1158",Short,1,R/W,1000,,,,,,,,,,306脱泥筛,
307.带电,"DB185,D1008.1",Boolean,1,RO,1000,,,,,,,,,,307浅槽,
307.挂牌,"DB185,DBW1138",Short,1,R/W,1000,,,,,,,,,,307浅槽,
308A.带电,"DB185,D1206.1",Boolean,1,RO,1000,,,,,,,,,,308A精煤脱介筛,
308A.挂牌,"DB185,DBW1358",Short,1,R/W,1000,,,,,,,,,,308A精煤脱介筛,
308B.带电,"DB185,D1188.1",Boolean,1,RO,1000,,,,,,,,,,308B精煤脱介筛,
308B.挂牌,"DB185,DBW1338",Short,1,R/W,1000,,,,,,,,,,308B精煤脱介筛,
309.带电,"DB185,D846.1",Boolean,1,RO,1000,,,,,,,,,,309主电机,
309.挂牌,"DB185,DBW958",Short,1,R/W,1000,,,,,,,,,,309主电机,
309/A.带电,"DB185,D1152.1",Boolean,1,RO,1000,,,,,,,,,,309/A电液闸门,
309/A.挂牌,"DB185,DBW1298",Short,1,R/W,1000,,,,,,,,,,309/A电液闸门,
309Y.带电,"DB185,D774.1",Boolean,1,RO,1000,,,,,,,,,,309Y油泵,
309Y.挂牌,"DB185,DBW878",Short,1,R/W,1000,,,,,,,,,,309Y油泵,
310.带电,"DB185,D828.1",Boolean,1,RO,1000,,,,,,,,,,310主电机,
310.挂牌,"DB185,DBW938",Short,1,R/W,1000,,,,,,,,,,310主电机,
310/A.带电,"DB185,D1134.1",Boolean,1,RO,1000,,,,,,,,,,310/A电液闸门,
310/A.挂牌,"DB185,DBW1278",Short,1,R/W,1000,,,,,,,,,,310/A电液闸门,
310Y.带电,"DB185,D756.1",Boolean,1,RO,1000,,,,,,,,,,310Y油泵,
310Y.挂牌,"DB185,DBW858",Short,1,R/W,1000,,,,,,,,,,310Y油泵,
310Z1.带电,"DB185,D792.1",Boolean,1,RO,1000,,,,,,,,,,310Z1振动电机,
310Z1.挂牌,"DB185,DBW898",Short,1,R/W,1000,,,,,,,,,,310Z1振动电机,
310Z2.带电,"DB185,D810.1",Boolean,1,RO,1000,,,,,,,,,,310Z2振动电机,
310Z2.挂牌,"DB185,DBW918",Short,1,R/W,1000,,,,,,,,,,310Z2振动电机,
311a.带电,"DB185,D108.1",Boolean,1,RO,1000,,,,,,,,,,311a精煤破碎机,
311a.挂牌,"DB185,DBW138",Short,1,R/W,1000,,,,,,,,,,311a精煤破碎机,
311b.带电,"DB185,D126.1",Boolean,1,RO,1000,,,,,,,,,,311b精煤破碎机,
311b.挂牌,"DB185,DBW158",Short,1,R/W,1000,,,,,,,,,,311b精煤破碎机,
311Y.带电,"DB185,D90.1",Boolean,1,RO,1000,,,,,,,,,,311Y油泵,
311Y.挂牌,"DB185,DBW118",Short,1,R/W,1000,,,,,,,,,,311Y油泵,
312.带电,"DB185,D1170.1",Boolean,1,RO,1000,,,,,,,,,,312矸石脱介筛,
312.挂牌,"DB185,DBW1318",Short,1,R/W,1000,,,,,,,,,,312矸石脱介筛,
316.带电,"DB185,D1602.1",Boolean,1,RO,1000,,,,,,,,,,316块煤磁尾泵,
316.挂牌,"DB185,DBW1798",Short,1,R/W,1000,,,,,,,,,,316块煤磁尾泵,
316f.带电,"DB185,D1512.1",Boolean,1,RO,1000,,,,,,,,,,316f风扇电机,
316f.挂牌,"DB185,DBW1698",Short,1,R/W,1000,,,,,,,,,,316f风扇电机,
317.带电,"DB185,D918.1",Boolean,1,RO,1000,,,,,,,,,,317磁选机,
317.挂牌,"DB185,DBW1038",Short,1,R/W,1000,,,,,,,,,,317磁选机,
318.带电,"DB185,D900.1",Boolean,1,RO,1000,,,,,,,,,,318磁选机,
318.挂牌,"DB185,DBW1018",Short,1,R/W,1000,,,,,,,,,,318磁选机,
319.带电,"DB185,D882.1",Boolean,1,RO,1000,,,,,,,,,,319磁选机,
319.挂牌,"DB185,DBW998",Short,1,R/W,1000,,,,,,,,,,319磁选机,
31AP1.带电,"DB185,D2754.1",Boolean,1,RO,1000,,,,,,,,,,31AP1煤样室电源,
31AP1.挂牌,"DB185,DBW3078",Short,1,R/W,1000,,,,,,,,,,31AP1煤样室电源,
31AP3.带电,"DB185,D2862.1",Boolean,1,RO,1000,,,,,,,,,,31AP3配电箱电源,
31AP3.挂牌,"DB185,DBW3198",Short,1,R/W,1000,,,,,,,,,,31AP3配电箱电源,
31M4X.带电,"DB185,D2718.1",Boolean,1,RO,1000,,,,,,,,,,31M4X变电所照明电源,
31M4X.挂牌,"DB185,DBW3038",Short,1,R/W,1000,,,,,,,,,,31M4X变电所照明电源,
31WYB.带电,"DB185,D2880.1",Boolean,1,RO,1000,,,,,,,,,,31WYB消防水泵,
31WYB.挂牌,"DB185,DBW3218",Short,1,R/W,1000,,,,,,,,,,31WYB消防水泵,
320.带电,"DB185,D936.1",Boolean,1,RO,1000,,,,,,,,,,320刮板机,
320.挂牌,"DB185,DBW1058",Short,1,R/W,1000,,,,,,,,,,320刮板机,
321.带电,"DB185,D954.1",Boolean,1,RO,1000,,,,,,,,,,321刮板机,
321.挂牌,"DB185,DBW1078",Short,1,R/W,1000,,,,,,,,,,321刮板机,
323A.带电,"DB185,D1080.1",Boolean,1,RO,1000,,,,,,,,,,323A加介泵,
323A.挂牌,"DB185,DBW1218",Short,1,R/W,1000,,,,,,,,,,323A加介泵,
323B.带电,"DB185,D1062.1",Boolean,1,RO,1000,,,,,,,,,,323B加介泵,
323B.挂牌,"DB185,DBW1198",Short,1,R/W,1000,,,,,,,,,,323B加介泵,
324a.带电,"DB185,D162.1",Boolean,1,RO,1000,,,,,,,,,,324a原煤破碎机,
324a.挂牌,"DB185,DBW198",Short,1,R/W,1000,,,,,,,,,,324a原煤破碎机,
324b.带电,"DB185,D180.1",Boolean,1,RO,1000,,,,,,,,,,324b原煤破碎机,
324b.挂牌,"DB185,DBW218",Short,1,R/W,1000,,,,,,,,,,324b原煤破碎机,
324Y.带电,"DB185,D144.1",Boolean,1,RO,1000,,,,,,,,,,324Y油泵,
324Y.挂牌,"DB185,DBW178",Short,1,R/W,1000,,,,,,,,,,324Y油泵,
325.带电,"DB185,D2592.1",Boolean,1,RO,1000,,,,,,,,,,325起重机,
325.挂牌,"DB185,DBW2898",Short,1,R/W,1000,,,,,,,,,,325起重机,
326.带电,"DB185,D972.1",Boolean,1,RO,1000,,,,,,,,,,326电动葫芦,
326.挂牌,"DB185,DBW1098",Short,1,R/W,1000,,,,,,,,,,326电动葫芦,
327.带电,"DB185,D990.1",Boolean,1,RO,1000,,,,,,,,,,327排污泵,
327.挂牌,"DB185,DBW1118",Short,1,R/W,1000,,,,,,,,,,327排污泵,
328.带电,"DB185,D2160.1",Boolean,1,RO,1000,,,,,,,,,,328轴封水泵,
328.挂牌,"DB185,DBW2418",Short,1,R/W,1000,,,,,,,,,,328轴封水泵,
332.带电,"DB185,D1620.1",Boolean,1,RO,1000,,,,,,,,,,332旋流器入料泵,
332.挂牌,"DB185,DBW1818",Short,1,R/W,1000,,,,,,,,,,332旋流器入料泵,
332f.带电,"DB185,D1530.1",Boolean,1,RO,1000,,,,,,,,,,332f风扇电机,
332f.挂牌,"DB185,DBW1718",Short,1,R/W,1000,,,,,,,,,,332f风扇电机,
334.带电,"DB185,D1890.1",Boolean,1,RO,1000,,,,,,,,,,334高频叠层筛,
334.挂牌,"DB185,DBW2118",Short,1,R/W,1000,,,,,,,,,,334高频叠层筛,
336.带电,"DB185,D1944.1",Boolean,1,RO,1000,,,,,,,,,,336主电机,
336.挂牌,"DB185,DBW2178",Short,1,R/W,1000,,,,,,,,,,336主电机,
336y.带电,"DB185,D1926.1",Boolean,1,RO,1000,,,,,,,,,,336y油泵电机,
336y.挂牌,"DB185,DBW2158",Short,1,R/W,1000,,,,,,,,,,336y油泵电机,
338.带电,"DB185,D2556.1",Boolean,1,RO,1000,,,,,,,,,,338清水泵,
338.挂牌,"DB185,DBW2858",Short,1,R/W,1000,,,,,,,,,,338清水泵,
338f.带电,"DB185,D2034.1",Boolean,1,RO,1000,,,,,,,,,,338f风扇电机,
338f.挂牌,"DB185,DBW2278",Short,1,R/W,1000,,,,,,,,,,338f风扇电机,
341.带电,"DB185,D1746.1",Boolean,1,RO,1000,,,,,,,,,,341搅拌电机,
341.挂牌,"DB185,DBW1958",Short,1,R/W,1000,,,,,,,,,,341搅拌电机,
342.带电,"DB185,D1692.1",Boolean,1,RO,1000,,,,,,,,,,342压滤机入料泵,
342.挂牌,"DB185,DBW1898",Short,1,R/W,1000,,,,,,,,,,342压滤机入料泵,
343.带电,"DB185,D1674.1",Boolean,1,RO,1000,,,,,,,,,,343压滤机入料泵,
343.挂牌,"DB185,DBW1878",Short,1,R/W,1000,,,,,,,,,,343压滤机入料泵,
345.带电,"DB185,D2340.1",Boolean,1,RO,1000,,,,,,,,,,345压榨水泵电源,
345.挂牌,"DB185,DBW2618",Short,1,R/W,1000,,,,,,,,,,345压榨水泵电源,
347.带电,"DB185,D1782.1",Boolean,1,RO,1000,,,,,,,,,,347中高压压滤机,
347.挂牌,"DB185,DBW1998",Short,1,R/W,1000,,,,,,,,,,347中高压压滤机,
348.带电,"DB185,D1764.1",Boolean,1,RO,1000,,,,,,,,,,348中高压压滤机,
348.挂牌,"DB185,DBW1978",Short,1,R/W,1000,,,,,,,,,,348中高压压滤机,
349.带电,"DB185,D1836.1",Boolean,1,RO,1000,,,,,,,,,,349刮板输送机,
349.挂牌,"DB185,DBW2058",Short,1,R/W,1000,,,,,,,,,,349刮板输送机,
350.带电,"DB185,D1818.1",Boolean,1,RO,1000,,,,,,,,,,350煤泥刮板输送机,
350.挂牌,"DB185,DBW2038",Short,1,R/W,1000,,,,,,,,,,350煤泥刮板输送机,
351.带电,"DB185,D1800.1",Boolean,1,RO,1000,,,,,,,,,,351煤泥刮板输送机,
351.挂牌,"DB185,DBW2018",Short,1,R/W,1000,,,,,,,,,,351煤泥刮板输送机,
352.带电,"DB185,D2016.1",Boolean,1,RO,1000,,,,,,,,,,352煤泥破碎机,
352.挂牌,"DB185,DBW2258",Short,1,R/W,1000,,,,,,,,,,352煤泥破碎机,
352y.带电,"DB185,D1962.1",Boolean,1,RO,1000,,,,,,,,,,352y油泵电机,
352y.挂牌,"DB185,DBW2198",Short,1,R/W,1000,,,,,,,,,,352y油泵电机,
353.带电,"DB185,D2142.1",Boolean,1,RO,1000,,,,,,,,,,353煤泥转载皮带,
353.挂牌,"DB185,DBW2398",Short,1,R/W,1000,,,,,,,,,,353煤泥转载皮带,
354.带电,"DB185,D2088.1",Boolean,1,RO,1000,,,,,,,,,,354压滤排污泵,
354.挂牌,"DB185,DBW2338",Short,1,R/W,1000,,,,,,,,,,354压滤排污泵,
356.带电,"DB185,D2214.1",Boolean,1,RO,1000,,,,,,,,,,356轴封水泵,
356.挂牌,"DB185,DBW2478",Short,1,R/W,1000,,,,,,,,,,356轴封水泵,
357.带电,"DB185,D864.1",Boolean,1,RO,1000,,,,,,,,,,357管道泵,
357.挂牌,"DB185,DBW978",Short,1,R/W,1000,,,,,,,,,,357管道泵,
361.带电,"DB185,D1584.1",Boolean,1,RO,1000,,,,,,,,,,361低压风机,
361.挂牌,"DB185,DBW1778",Short,1,R/W,1000,,,,,,,,,,361低压风机,
363A.带电,"DB185,D1566.1",Boolean,1,RO,1000,,,,,,,,,,363A高压风机,
363A.挂牌,"DB185,DBW1758",Short,1,R/W,1000,,,,,,,,,,363A高压风机,
363B.带电,"DB185,D1548.1",Boolean,1,RO,1000,,,,,,,,,,363B高压风机,
363B.挂牌,"DB185,DBW1738",Short,1,R/W,1000,,,,,,,,,,363B高压风机,
371.带电,"DB185,D2070.1",Boolean,1,RO,1000,,,,,,,,,,371加药装置,
371.挂牌,"DB185,DBW2318",Short,1,R/W,1000,,,,,,,,,,371加药装置,
372.带电,"DB185,D2052.1",Boolean,1,RO,1000,,,,,,,,,,372加药装置,
372.挂牌,"DB185,DBW2298",Short,1,R/W,1000,,,,,,,,,,372加药装置,
401.带电,"DB185,D2196.1",Boolean,1,RO,1000,,,,,,,,,,401浓缩机,
401.挂牌,"DB185,DBW2458",Short,1,R/W,1000,,,,,,,,,,401浓缩机,
402.带电,"DB185,D2250.1",Boolean,1,RO,1000,,,,,,,,,,402底流泵,
402.挂牌,"DB185,DBW2518",Short,1,R/W,1000,,,,,,,,,,402底流泵,
403.带电,"DB185,D2232.1",Boolean,1,RO,1000,,,,,,,,,,403底流泵,
403.挂牌,"DB185,DBW2498",Short,1,R/W,1000,,,,,,,,,,403底流泵,
404.带电,"DB185,D18.1",Boolean,1,RO,1000,,,,,,,,,,404循环水泵,
404.挂牌,"DB185,DBW38",Short,1,R/W,1000,,,,,,,,,,404循环水泵,
405.带电,"DB185,D2268.1",Boolean,1,RO,1000,,,,,,,,,,405冲洗水泵,
405.挂牌,"DB185,DBW2538",Short,1,R/W,1000,,,,,,,,,,405冲洗水泵,
406A.带电,"DB185,D2124.1",Boolean,1,RO,1000,,,,,,,,,,406A浓缩池排污泵,
406A.挂牌,"DB185,DBW2378",Short,1,R/W,1000,,,,,,,,,,406A浓缩池排污泵,
406B.带电,"DB185,D2106.1",Boolean,1,RO,1000,,,,,,,,,,406B浓缩池排污泵,
406B.挂牌,"DB185,DBW2358",Short,1,R/W,1000,,,,,,,,,,406B浓缩池排污泵,
407.带电,"DB185,D2178.1",Boolean,1,RO,1000,,,,,,,,,,407电动葫芦,
407.挂牌,"DB185,DBW2438",Short,1,R/W,1000,,,,,,,,,,407电动葫芦,
701.带电,"DB185,D1728.1",Boolean,1,RO,1000,,,,,,,,,,701带式输送机,
701.挂牌,"DB185,DBW1938",Short,1,R/W,1000,,,,,,,,,,701带式输送机,
701B.带电,"DB185,D2322.1",Boolean,1,RO,1000,,,,,,,,,,701B混煤采样,
701B.挂牌,"DB185,DBW2598",Short,1,R/W,1000,,,,,,,,,,701B混煤采样,
701L.带电,"DB185,D1872.1",Boolean,1,RO,1000,,,,,,,,,,701L皮带拉紧装置,
701L.挂牌,"DB185,DBW2098",Short,1,R/W,1000,,,,,,,,,,701L皮带拉紧装置,
702.带电,"DB185,D1710.1",Boolean,1,RO,1000,,,,,,,,,,702带式输送机,
702.挂牌,"DB185,DBW1918",Short,1,R/W,1000,,,,,,,,,,702带式输送机,
702B.带电,"DB185,D2304.1",Boolean,1,RO,1000,,,,,,,,,,702B精煤采样,
702B.挂牌,"DB185,DBW2578",Short,1,R/W,1000,,,,,,,,,,702B精煤采样,
702L.带电,"DB185,D1854.1",Boolean,1,RO,1000,,,,,,,,,,702L皮带拉紧装置,
702L.挂牌,"DB185,DBW2078",Short,1,R/W,1000,,,,,,,,,,702L皮带拉紧装置,
711a.带电,"DB185,D2394.1",Boolean,1,RO,1000,,,,,,,,,,711a分级筛,
711a.挂牌,"DB185,DBW2678",Short,1,R/W,1000,,,,,,,,,,711a分级筛,
711b.带电,"DB185,D2376.1",Boolean,1,RO,1000,,,,,,,,,,711b分级筛,
711b.挂牌,"DB185,DBW2658",Short,1,R/W,1000,,,,,,,,,,711b分级筛,
711FB.带电,"DB185,D2286.1",Boolean,1,RO,1000,,,,,,,,,,711FB电业翻板,
711FB.挂牌,"DB185,DBW2558",Short,1,R/W,1000,,,,,,,,,,711FB电业翻板,
711y.带电,"DB185,D2358.1",Boolean,1,RO,1000,,,,,,,,,,711y油泵电机,
711y.挂牌,"DB185,DBW2638",Short,1,R/W,1000,,,,,,,,,,711y油泵电机,
712.带电,"DB185,D1656.1",Boolean,1,RO,1000,,,,,,,,,,712刮板输送机,
712.挂牌,"DB185,DBW1858",Short,1,R/W,1000,,,,,,,,,,712刮板输送机,
712AZ.带电,"DB185,D2520.1",Boolean,1,RO,1000,,,,,,,,,,712AZ液压站,
712AZ.挂牌,"DB185,DBW2818",Short,1,R/W,1000,,,,,,,,,,712AZ液压站,
712CZ.带电,"DB185,D2538.1",Boolean,1,RO,1000,,,,,,,,,,712CZ液压站,
712CZ.挂牌,"DB185,DBW2838",Short,1,R/W,1000,,,,,,,,,,712CZ液压站,
712EZ.带电,"DB185,D2484.1",Boolean,1,RO,1000,,,,,,,,,,712EZ液压站,
712EZ.挂牌,"DB185,DBW2778",Short,1,R/W,1000,,,,,,,,,,712EZ液压站,
712GZ.带电,"DB185,D2502.1",Boolean,1,RO,1000,,,,,,,,,,712GZ液压站,
712GZ.挂牌,"DB185,DBW2798",Short,1,R/W,1000,,,,,,,,,,712GZ液压站,
713.带电,"DB185,D1638.1",Boolean,1,RO,1000,,,,,,,,,,713刮板输送机,
713.挂牌,"DB185,DBW1838",Short,1,R/W,1000,,,,,,,,,,713刮板输送机,
713AZ.带电,"DB185,D2448.1",Boolean,1,RO,1000,,,,,,,,,,713AZ液压站,
713AZ.挂牌,"DB185,DBW2738",Short,1,R/W,1000,,,,,,,,,,713AZ液压站,
713CZ.带电,"DB185,D2466.1",Boolean,1,RO,1000,,,,,,,,,,713CZ液压站,
713CZ.挂牌,"DB185,DBW2758",Short,1,R/W,1000,,,,,,,,,,713CZ液压站,
713EZ.带电,"DB185,D2412.1",Boolean,1,RO,1000,,,,,,,,,,713EZ液压站,
713EZ.挂牌,"DB185,DBW2698",Short,1,R/W,1000,,,,,,,,,,713EZ液压站,
713GZ.带电,"DB185,D2430.1",Boolean,1,RO,1000,,,,,,,,,,713GZ液压站,
713GZ.挂牌,"DB185,DBW2718",Short,1,R/W,1000,,,,,,,,,,713GZ液压站,
721.带电,"DB185,D3618.1",Boolean,1,RO,1000,,,,,,,,,,721给煤机,
721.挂牌,"DB185,DBW3998",Short,1,R/W,1000,,,,,,,,,,721给煤机,
721f.带电,"DB185,D3312.1",Boolean,1,RO,1000,,,,,,,,,,721f风扇电机,
721f.挂牌,"DB185,DBW3658",Short,1,R/W,1000,,,,,,,,,,721f风扇电机,
721Z.带电,"DB185,D3204.1",Boolean,1,RO,1000,,,,,,,,,,721Z闸门液压站,
721Z.挂牌,"DB185,DBW3538",Short,1,R/W,1000,,,,,,,,,,721Z闸门液压站,
722.带电,"DB185,D3636.1",Boolean,1,RO,1000,,,,,,,,,,722给煤机,
722.挂牌,"DB185,DBW4018",Short,1,R/W,1000,,,,,,,,,,722给煤机,
722f.带电,"DB185,D3330.1",Boolean,1,RO,1000,,,,,,,,,,722f风扇电机,
722f.挂牌,"DB185,DBW3678",Short,1,R/W,1000,,,,,,,,,,722f风扇电机,
723.带电,"DB185,D3654.1",Boolean,1,RO,1000,,,,,,,,,,723给煤机,
723.挂牌,"DB185,DBW4038",Short,1,R/W,1000,,,,,,,,,,723给煤机,
723f.带电,"DB185,D3348.1",Boolean,1,RO,1000,,,,,,,,,,723f风扇电机,
723f.挂牌,"DB185,DBW3698",Short,1,R/W,1000,,,,,,,,,,723f风扇电机,
724.带电,"DB185,D3672.1",Boolean,1,RO,1000,,,,,,,,,,724给煤机,
724.挂牌,"DB185,DBW4058",Short,1,R/W,1000,,,,,,,,,,724给煤机,
724f.带电,"DB185,D3366.1",Boolean,1,RO,1000,,,,,,,,,,724f风扇电机,
724f.挂牌,"DB185,DBW3718",Short,1,R/W,1000,,,,,,,,,,724f风扇电机,
725.带电,"DB185,D3690.1",Boolean,1,RO,1000,,,,,,,,,,725给煤机,
725.挂牌,"DB185,DBW4078",Short,1,R/W,1000,,,,,,,,,,725给煤机,
725f.带电,"DB185,D3384.1",Boolean,1,RO,1000,,,,,,,,,,725f风扇电机,
725f.挂牌,"DB185,DBW3738",Short,1,R/W,1000,,,,,,,,,,725f风扇电机,
725Z.带电,"DB185,D3222.1",Boolean,1,RO,1000,,,,,,,,,,725Z闸门液压站,
725Z.挂牌,"DB185,DBW3558",Short,1,R/W,1000,,,,,,,,,,725Z闸门液压站,
726.带电,"DB185,D3708.1",Boolean,1,RO,1000,,,,,,,,,,726给煤机,
726.挂牌,"DB185,DBW4098",Short,1,R/W,1000,,,,,,,,,,726给煤机,
726f.带电,"DB185,D3402.1",Boolean,1,RO,1000,,,,,,,,,,726f风扇电机,
726f.挂牌,"DB185,DBW3758",Short,1,R/W,1000,,,,,,,,,,726f风扇电机,
727.带电,"DB185,D3726.1",Boolean,1,RO,1000,,,,,,,,,,727给煤机,
727.挂牌,"DB185,DBW4118",Short,1,R/W,1000,,,,,,,,,,727给煤机,
727f.带电,"DB185,D3420.1",Boolean,1,RO,1000,,,,,,,,,,727f风扇电机,
727f.挂牌,"DB185,DBW3778",Short,1,R/W,1000,,,,,,,,,,727f风扇电机,
728.带电,"DB185,D3744.1",Boolean,1,RO,1000,,,,,,,,,,728给煤机,
728.挂牌,"DB185,DBW4138",Short,1,R/W,1000,,,,,,,,,,728给煤机,
728f.带电,"DB185,D3438.1",Boolean,1,RO,1000,,,,,,,,,,728f风扇电机,
728f.挂牌,"DB185,DBW3798",Short,1,R/W,1000,,,,,,,,,,728f风扇电机,
729.带电,"DB185,D3762.1",Boolean,1,RO,1000,,,,,,,,,,729给煤机,
729.挂牌,"DB185,DBW4158",Short,1,R/W,1000,,,,,,,,,,729给煤机,
729f.带电,"DB185,D3456.1",Boolean,1,RO,1000,,,,,,,,,,729f风扇电机,
729f.挂牌,"DB185,DBW3818",Short,1,R/W,1000,,,,,,,,,,729f风扇电机,
729Z.带电,"DB185,D3240.1",Boolean,1,RO,1000,,,,,,,,,,729Z闸门液压站,
729Z.挂牌,"DB185,DBW3578",Short,1,R/W,1000,,,,,,,,,,729Z闸门液压站,
730.带电,"DB185,D3780.1",Boolean,1,RO,1000,,,,,,,,,,730给煤机,
730.挂牌,"DB185,DBW4178",Short,1,R/W,1000,,,,,,,,,,730给煤机,
730f.带电,"DB185,D3474.1",Boolean,1,RO,1000,,,,,,,,,,730f风扇电机,
730f.挂牌,"DB185,DBW3838",Short,1,R/W,1000,,,,,,,,,,730f风扇电机,
731.带电,"DB185,D3798.1",Boolean,1,RO,1000,,,,,,,,,,731给煤机,
731.挂牌,"DB185,DBW4198",Short,1,R/W,1000,,,,,,,,,,731给煤机,
731f.带电,"DB185,D3492.1",Boolean,1,RO,1000,,,,,,,,,,731f风扇电机,
731f.挂牌,"DB185,DBW3858",Short,1,R/W,1000,,,,,,,,,,731f风扇电机,
732.带电,"DB185,D3816.1",Boolean,1,RO,1000,,,,,,,,,,732给煤机,
732.挂牌,"DB185,DBW4218",Short,1,R/W,1000,,,,,,,,,,732给煤机,
732f.带电,"DB185,D3510.1",Boolean,1,RO,1000,,,,,,,,,,732f风扇电机,
732f.挂牌,"DB185,DBW3878",Short,1,R/W,1000,,,,,,,,,,732f风扇电机,
733.带电,"DB185,D3834.1",Boolean,1,RO,1000,,,,,,,,,,733给煤机,
733.挂牌,"DB185,DBW4238",Short,1,R/W,1000,,,,,,,,,,733给煤机,
733f.带电,"DB185,D3528.1",Boolean,1,RO,1000,,,,,,,,,,733f风扇电机,
733f.挂牌,"DB185,DBW3898",Short,1,R/W,1000,,,,,,,,,,733f风扇电机,
733Z.带电,"DB185,D3258.1",Boolean,1,RO,1000,,,,,,,,,,733Z闸门液压站,
733Z.挂牌,"DB185,DBW3598",Short,1,R/W,1000,,,,,,,,,,733Z闸门液压站,
734.带电,"DB185,D3852.1",Boolean,1,RO,1000,,,,,,,,,,734给煤机,
734.挂牌,"DB185,DBW4258",Short,1,R/W,1000,,,,,,,,,,734给煤机,
734f.带电,"DB185,D3546.1",Boolean,1,RO,1000,,,,,,,,,,734f风扇电机,
734f.挂牌,"DB185,DBW3918",Short,1,R/W,1000,,,,,,,,,,734f风扇电机,
735.带电,"DB185,D3870.1",Boolean,1,RO,1000,,,,,,,,,,735给煤机,
735.挂牌,"DB185,DBW4278",Short,1,R/W,1000,,,,,,,,,,735给煤机,
735f.带电,"DB185,D3564.1",Boolean,1,RO,1000,,,,,,,,,,735f风扇电机,
735f.挂牌,"DB185,DBW3938",Short,1,R/W,1000,,,,,,,,,,735f风扇电机,
736.带电,"DB185,D3888.1",Boolean,1,RO,1000,,,,,,,,,,736给煤机,
736.挂牌,"DB185,DBW4298",Short,1,R/W,1000,,,,,,,,,,736给煤机,
736f.带电,"DB185,D3582.1",Boolean,1,RO,1000,,,,,,,,,,736f风扇电机,
736f.挂牌,"DB185,DBW3958",Short,1,R/W,1000,,,,,,,,,,736f风扇电机,
737f.带电,"DB185,D3600.1",Boolean,1,RO,1000,,,,,,,,,,737f风扇电机,
737f.挂牌,"DB185,DBW3978",Short,1,R/W,1000,,,,,,,,,,737f风扇电机,
741.带电,"DB185,D1908.1",Boolean,1,RO,1000,,,,,,,,,,741电动葫芦,
741.挂牌,"DB185,DBW2138",Short,1,R/W,1000,,,,,,,,,,741电动葫芦,
743.带电,"DB185,D3276.1",Boolean,1,RO,1000,,,,,,,,,,743排污泵,
743.挂牌,"DB185,DBW3618",Short,1,R/W,1000,,,,,,,,,,743排污泵,
744.带电,"DB185,D3294.1",Boolean,1,RO,1000,,,,,,,,,,744仓下排污泵,
744.挂牌,"DB185,DBW3638",Short,1,R/W,1000,,,,,,,,,,744仓下排污泵,
81DY.带电,"DB185,D1998.1",Boolean,1,RO,1000,,,,,,,,,,81DY产品仓配电室电源,
81DY.挂牌,"DB185,DBW2238",Short,1,R/W,1000,,,,,,,,,,81DY产品仓配电室电源,
901.带电,"DB185,D378.1",Boolean,1,RO,1000,,,,,,,,,,901矸石皮带,
901.挂牌,"DB185,DBW438",Short,1,R/W,1000,,,,,,,,,,901矸石皮带,
902.带电,"DB185,D1368.1",Boolean,1,RO,1000,,,,,,,,,,902矸石给煤机,
902.挂牌,"DB185,DBW1538",Short,1,R/W,1000,,,,,,,,,,902矸石给煤机,
902F.带电,"DB185,D1224.1",Boolean,1,RO,1000,,,,,,,,,,902F风扇电机,
902F.挂牌,"DB185,DBW1378",Short,1,R/W,1000,,,,,,,,,,902F风扇电机,
902Y.带电,"DB185,D342.1",Boolean,1,RO,1000,,,,,,,,,,902Y液压站,
902Y.挂牌,"DB185,DBW398",Short,1,R/W,1000,,,,,,,,,,902Y液压站,
903.带电,"DB185,D1386.1",Boolean,1,RO,1000,,,,,,,,,,903矸石给煤机,
903.挂牌,"DB185,DBW1558",Short,1,R/W,1000,,,,,,,,,,903矸石给煤机,
903F.带电,"DB185,D1242.1",Boolean,1,RO,1000,,,,,,,,,,903F风扇电机,
903F.挂牌,"DB185,DBW1398",Short,1,R/W,1000,,,,,,,,,,903F风扇电机,
906.带电,"DB185,D306.1",Boolean,1,RO,1000,,,,,,,,,,906电动葫芦,
906.挂牌,"DB185,DBW358",Short,1,R/W,1000,,,,,,,,,,906电动葫芦,
907.带电,"DB185,D360.1",Boolean,1,RO,1000,,,,,,,,,,907排污泵,
907.挂牌,"DB185,DBW418",Short,1,R/W,1000,,,,,,,,,,907排污泵,
911.带电,"DB185,D252.1",Boolean,1,RO,1000,,,,,,,,,,911矸石皮带,
911.挂牌,"DB185,DBW298",Short,1,R/W,1000,,,,,,,,,,911矸石皮带,
AA1.带电,"DB185,D2574.1",Boolean,1,RO,1000,,,,,,,,,,AA1消防泵房电源,
AA1.挂牌,"DB185,DBW2878",Short,1,R/W,1000,,,,,,,,,,AA1消防泵房电源,
AA1_1.带电,"DB185,D3078.1",Boolean,1,RO,1000,,,,,,,,,,AA1消防泵房电源1,
AA1_1.挂牌,"DB185,DBW3438",Short,1,R/W,1000,,,,,,,,,,AA1消防泵房电源1,
AA3.带电,"DB185,D2700.1",Boolean,1,RO,1000,,,,,,,,,,AA3消防泵房电源,
AA3.挂牌,"DB185,DBW3018",Short,1,R/W,1000,,,,,,,,,,AA3消防泵房电源,
AP1.带电,"DB185,D2664.1",Boolean,1,RO,1000,,,,,,,,,,AP1办公楼电源,
AP1.挂牌,"DB185,DBW2978",Short,1,R/W,1000,,,,,,,,,,AP1办公楼电源,
HRJZ1X.带电,"DB185,D2682.1",Boolean,1,RO,1000,,,,,,,,,,HRJZ1X换热机组电源,
HRJZ1X.挂牌,"DB185,DBW2998",Short,1,R/W,1000,,,,,,,,,,HRJZ1X换热机组电源,
HRJZ2X.带电,"DB185,D3060.1",Boolean,1,RO,1000,,,,,,,,,,HRJZ2X换热机电源,
HRJZ2X.挂牌,"DB185,DBW3418",Short,1,R/W,1000,,,,,,,,,,HRJZ2X换热机电源,
JHZMX.带电,"DB185,D2916.1",Boolean,1,RO,1000,,,,,,,,,,JHZMX交换站照明电源,
JHZMX.挂牌,"DB185,DBW3258",Short,1,R/W,1000,,,,,,,,,,JHZMX交换站照明电源,
JXCJX_1.带电,"DB185,D3132.1",Boolean,1,RO,1000,,,,,,,,,,JXCJX机修车间电源1,
JXCJX_1.挂牌,"DB185,DBW3498",Short,1,R/W,1000,,,,,,,,,,JXCJX机修车间电源1,
NSMX.带电,"DB185,D2772.1",Boolean,1,RO,1000,,,,,,,,,,NSMX浓缩车间照明电源,
NSMX.挂牌,"DB185,DBW3098",Short,1,R/W,1000,,,,,,,,,,NSMX浓缩车间照明电源,
PLCA1.带电,"DB185,D2844.1",Boolean,1,RO,1000,,,,,,,,,,PLCA1控制电源,
PLCA1.挂牌,"DB185,DBW3178",Short,1,R/W,1000,,,,,,,,,,PLCA1控制电源,
PSB.带电,"DB185,D2988.1",Boolean,1,RO,1000,,,,,,,,,,PSB储煤场排水泵,
PSB.挂牌,"DB185,DBW3338",Short,1,R/W,1000,,,,,,,,,,PSB储煤场排水泵,
PSB2X11.带电,"DB185,D2646.1",Boolean,1,RO,1000,,,,,,,,,,PSB2X11消防排水泵,
PSB2X11.挂牌,"DB185,DBW2958",Short,1,R/W,1000,,,,,,,,,,PSB2X11消防排水泵,
RSJZX.带电,"DB185,D2898.1",Boolean,1,RO,1000,,,,,,,,,,RSJZX热水机电源,
RSJZX.挂牌,"DB185,DBW3238",Short,1,R/W,1000,,,,,,,,,,RSJZX热水机电源,
SQW1.带电,"DB185,D1116.1",Boolean,1,RO,1000,,,,,,,,,,SQW1除尘射雾器,
SQW1.挂牌,"DB185,DBW1258",Short,1,R/W,1000,,,,,,,,,,SQW1除尘射雾器,
SQW2.带电,"DB185,D1098.1",Boolean,1,RO,1000,,,,,,,,,,SQW2除尘射雾器,
SQW2.挂牌,"DB185,DBW1238",Short,1,R/W,1000,,,,,,,,,,SQW2除尘射雾器,
XFP1.带电,"DB185,D2790.1",Boolean,1,RO,1000,,,,,,,,,,XFP1消防炮电源,
XFP1.挂牌,"DB185,DBW3118",Short,1,R/W,1000,,,,,,,,,,XFP1消防炮电源,
XFP2.带电,"DB185,D2808.1",Boolean,1,RO,1000,,,,,,,,,,XFP2消防炮电源,
XFP2.挂牌,"DB185,DBW3138",Short,1,R/W,1000,,,,,,,,,,XFP2消防炮电源,
XFP3.带电,"DB185,D2826.1",Boolean,1,RO,1000,,,,,,,,,,XFP3消防炮电源,
XFP3.挂牌,"DB185,DBW3158",Short,1,R/W,1000,,,,,,,,,,XFP3消防炮电源,
XLFJ.带电,"DB185,D612.1",Boolean,1,RO,1000,,,,,,,,,,XLFJ地道风机,
XLFJ.挂牌,"DB185,DBW698",Short,1,R/W,1000,,,,,,,,,,XLFJ地道风机,
XQJ.带电,"DB185,D1980.1",Boolean,1,RO,1000,,,,,,,,,,XQJ湿式洗气机,
XQJ.挂牌,"DB185,DBW2218",Short,1,R/W,1000,,,,,,,,,,XQJ湿式洗气机,
YSC.带电,"DB185,D3186.1",Boolean,1,RO,1000,,,,,,,,,,YSC沉淀池排水泵,
YSC.挂牌,"DB185,DBW3518",Short,1,R/W,1000,,,,,,,,,,YSC沉淀池排水泵,
141L.漏电,"DB300,D10.4",Boolean,1,RO,1000,,,,,,,,,,,
701L.漏电,"DB301,D10.4",Boolean,1,RO,1000,,,,,,,,,,,
702L.漏电,"DB302,D10.4",Boolean,1,RO,1000,,,,,,,,,,,
404.漏电,"DB303,D10.4",Boolean,1,RO,1000,,,,,,,,,,,
311y.漏电,"DB304,D10.4",Boolean,1,RO,1000,,,,,,,,,,,
311a.漏电,"DB305,D10.4",Boolean,1,RO,1000,,,,,,,,,,,
311b.漏电,"DB306,D10.4",Boolean,1,RO,1000,,,,,,,,,,,
324y.漏电,"DB307,D10.4",Boolean,1,RO,1000,,,,,,,,,,,
324a.漏电,"DB308,D10.4",Boolean,1,RO,1000,,,,,,,,,,,
324b.漏电,"DB309,D10.4",Boolean,1,RO,1000,,,,,,,,,,,
902Y.漏电,"DB310,D10.4",Boolean,1,RO,1000,,,,,,,,,,,
907.漏电,"DB311,D10.4",Boolean,1,RO,1000,,,,,,,,,,,
111bZ.漏电,"DB312,D10.4",Boolean,1,RO,1000,,,,,,,,,,,
111aZ.漏电,"DB313,D10.4",Boolean,1,RO,1000,,,,,,,,,,,
111bL.漏电,"DB314,D10.4",Boolean,1,RO,1000,,,,,,,,,,,
111aL.漏电,"DB315,D10.4",Boolean,1,RO,1000,,,,,,,,,,,
114.漏电,"DB316,D10.4",Boolean,1,RO,1000,,,,,,,,,,,
111bR.漏电,"DB317,D10.4",Boolean,1,RO,1000,,,,,,,,,,,
111aR.漏电,"DB318,D10.4",Boolean,1,RO,1000,,,,,,,,,,,
121Y.漏电,"DB319,D10.4",Boolean,1,RO,1000,,,,,,,,,,,
XLFJ.漏电,"DB320,D10.4",Boolean,1,RO,1000,,,,,,,,,,,
157.漏电,"DB321,D10.4",Boolean,1,RO,1000,,,,,,,,,,,
156.漏电,"DB322,D10.4",Boolean,1,RO,1000,,,,,,,,,,,
302.漏电,"DB323,D10.4",Boolean,1,RO,1000,,,,,,,,,,,
304.漏电,"DB324,D10.4",Boolean,1,RO,1000,,,,,,,,,,,
303.漏电,"DB325,D10.4",Boolean,1,RO,1000,,,,,,,,,,,
310y.漏电,"DB326,D10.4",Boolean,1,RO,1000,,,,,,,,,,,
309y.漏电,"DB327,D10.4",Boolean,1,RO,1000,,,,,,,,,,,
310z.漏电,"DB328,D10.4",Boolean,1,RO,1000,,,,,,,,,,,
309z.漏电,"DB329,D10.4",Boolean,1,RO,1000,,,,,,,,,,,
310.漏电,"DB330,D10.4",Boolean,1,RO,1000,,,,,,,,,,,
309.漏电,"DB331,D10.4",Boolean,1,RO,1000,,,,,,,,,,,
357.漏电,"DB332,D10.4",Boolean,1,RO,1000,,,,,,,,,,,
319.漏电,"DB333,D10.4",Boolean,1,RO,1000,,,,,,,,,,,
318.漏电,"DB334,D10.4",Boolean,1,RO,1000,,,,,,,,,,,
317.漏电,"DB335,D10.4",Boolean,1,RO,1000,,,,,,,,,,,
327.漏电,"DB336,D10.4",Boolean,1,RO,1000,,,,,,,,,,,
307.漏电,"DB337,D10.4",Boolean,1,RO,1000,,,,,,,,,,,
306.漏电,"DB338,D10.4",Boolean,1,RO,1000,,,,,,,,,,,
305.漏电,"DB339,D10.4",Boolean,1,RO,1000,,,,,,,,,,,
323B.漏电,"DB340,D10.4",Boolean,1,RO,1000,,,,,,,,,,,
323A.漏电,"DB341,D10.4",Boolean,1,RO,1000,,,,,,,,,,,
SWQ2.漏电,"DB342,D10.4",Boolean,1,RO,1000,,,,,,,,,,,
SWQ1.漏电,"DB343,D10.4",Boolean,1,RO,1000,,,,,,,,,,,
312.漏电,"DB344,D10.4",Boolean,1,RO,1000,,,,,,,,,,,
308B.漏电,"DB345,D10.4",Boolean,1,RO,1000,,,,,,,,,,,
308A.漏电,"DB346,D10.4",Boolean,1,RO,1000,,,,,,,,,,,
902f.漏电,"DB347,D10.4",Boolean,1,RO,1000,,,,,,,,,,,
903f.漏电,"DB348,D10.4",Boolean,1,RO,1000,,,,,,,,,,,
902.漏电,"DB349,D10.4",Boolean,1,RO,1000,,,,,,,,,,,
903.漏电,"DB350,D10.4",Boolean,1,RO,1000,,,,,,,,,,,
127.漏电,"DB351,D10.4",Boolean,1,RO,1000,,,,,,,,,,,
128.漏电,"DB352,D10.4",Boolean,1,RO,1000,,,,,,,,,,,
129.漏电,"DB353,D10.4",Boolean,1,RO,1000,,,,,,,,,,,
130.漏电,"DB354,D10.4",Boolean,1,RO,1000,,,,,,,,,,,
131.漏电,"DB355,D10.4",Boolean,1,RO,1000,,,,,,,,,,,
132.漏电,"DB356,D10.4",Boolean,1,RO,1000,,,,,,,,,,,
316f.漏电,"DB357,D10.4",Boolean,1,RO,1000,,,,,,,,,,,
332f.漏电,"DB358,D10.4",Boolean,1,RO,1000,,,,,,,,,,,
316.漏电,"DB359,D10.4",Boolean,1,RO,1000,,,,,,,,,,,
332.漏电,"DB360,D10.4",Boolean,1,RO,1000,,,,,,,,,,,
343.漏电,"DB361,D10.4",Boolean,1,RO,1000,,,,,,,,,,,
342.漏电,"DB362,D10.4",Boolean,1,RO,1000,,,,,,,,,,,
341.漏电,"DB363,D10.4",Boolean,1,RO,1000,,,,,,,,,,,
334.漏电,"DB364,D10.4",Boolean,1,RO,1000,,,,,,,,,,,
336y.漏电,"DB365,D10.4",Boolean,1,RO,1000,,,,,,,,,,,
336.漏电,"DB366,D10.4",Boolean,1,RO,1000,,,,,,,,,,,
352y.漏电,"DB367,D10.4",Boolean,1,RO,1000,,,,,,,,,,,
XQJ.漏电,"DB368,D10.4",Boolean,1,RO,1000,,,,,,,,,,,
352.漏电,"DB369,D10.4",Boolean,1,RO,1000,,,,,,,,,,,
338f.漏电,"DB370,D10.4",Boolean,1,RO,1000,,,,,,,,,,,
354.漏电,"DB371,D10.4",Boolean,1,RO,1000,,,,,,,,,,,
406B.漏电,"DB372,D10.4",Boolean,1,RO,1000,,,,,,,,,,,
406A.漏电,"DB373,D10.4",Boolean,1,RO,1000,,,,,,,,,,,
328.漏电,"DB374,D10.4",Boolean,1,RO,1000,,,,,,,,,,,
356.漏电,"DB375,D10.4",Boolean,1,RO,1000,,,,,,,,,,,
403.漏电,"DB376,D10.4",Boolean,1,RO,1000,,,,,,,,,,,
402.漏电,"DB377,D10.4",Boolean,1,RO,1000,,,,,,,,,,,
405.漏电,"DB378,D10.4",Boolean,1,RO,1000,,,,,,,,,,,
711y.漏电,"DB380,D10.4",Boolean,1,RO,1000,,,,,,,,,,,
711.漏电,"DB381,D10.4",Boolean,1,RO,1000,,,,,,,,,,,
713EZ.漏电,"DB382,D10.4",Boolean,1,RO,1000,,,,,,,,,,,
713GZ.漏电,"DB383,D10.4",Boolean,1,RO,1000,,,,,,,,,,,
713AZ.漏电,"DB384,D10.4",Boolean,1,RO,1000,,,,,,,,,,,
713CZ.漏电,"DB385,D10.4",Boolean,1,RO,1000,,,,,,,,,,,
712EZ.漏电,"DB386,D10.4",Boolean,1,RO,1000,,,,,,,,,,,
712GZ.漏电,"DB387,D10.4",Boolean,1,RO,1000,,,,,,,,,,,
712AZ.漏电,"DB388,D10.4",Boolean,1,RO,1000,,,,,,,,,,,
712CZ.漏电,"DB389,D10.4",Boolean,1,RO,1000,,,,,,,,,,,
338.漏电,"DB390,D10.4",Boolean,1,RO,1000,,,,,,,,,,,
YSC1.漏电,"DB391,D10.4",Boolean,1,RO,1000,,,,,,,,,,,
YSC2.漏电,"DB392,D10.4",Boolean,1,RO,1000,,,,,,,,,,,
721Z.漏电,"DB393,D10.4",Boolean,1,RO,1000,,,,,,,,,,,
725Z.漏电,"DB394,D10.4",Boolean,1,RO,1000,,,,,,,,,,,
729Z.漏电,"DB395,D10.4",Boolean,1,RO,1000,,,,,,,,,,,
733Z.漏电,"DB396,D10.4",Boolean,1,RO,1000,,,,,,,,,,,
743.漏电,"DB397,D10.4",Boolean,1,RO,1000,,,,,,,,,,,
744.漏电,"DB398,D10.4",Boolean,1,RO,1000,,,,,,,,,,,
721.漏电,"DB399,D10.4",Boolean,1,RO,1000,,,,,,,,,,,
722.漏电,"DB400,D10.4",Boolean,1,RO,1000,,,,,,,,,,,
723.漏电,"DB401,D10.4",Boolean,1,RO,1000,,,,,,,,,,,
724.漏电,"DB402,D10.4",Boolean,1,RO,1000,,,,,,,,,,,
725.漏电,"DB403,D10.4",Boolean,1,RO,1000,,,,,,,,,,,
726.漏电,"DB404,D10.4",Boolean,1,RO,1000,,,,,,,,,,,
727.漏电,"DB405,D10.4",Boolean,1,RO,1000,,,,,,,,,,,
728.漏电,"DB406,D10.4",Boolean,1,RO,1000,,,,,,,,,,,
729.漏电,"DB407,D10.4",Boolean,1,RO,1000,,,,,,,,,,,
730.漏电,"DB408,D10.4",Boolean,1,RO,1000,,,,,,,,,,,
731.漏电,"DB409,D10.4",Boolean,1,RO,1000,,,,,,,,,,,
732.漏电,"DB410,D10.4",Boolean,1,RO,1000,,,,,,,,,,,
733.漏电,"DB411,D10.4",Boolean,1,RO,1000,,,,,,,,,,,
734.漏电,"DB412,D10.4",Boolean,1,RO,1000,,,,,,,,,,,
735.漏电,"DB413,D10.4",Boolean,1,RO,1000,,,,,,,,,,,
736.漏电,"DB414,D10.4",Boolean,1,RO,1000,,,,,,,,,,,
301.漏电,"DB415,D10.4",Boolean,1,RO,1000,,,,,,,,,,,
121.漏电,"DB416,D10.4",Boolean,1,RO,1000,,,,,,,,,,,
141.漏电,"DB417,D10.4",Boolean,1,RO,1000,,,,,,,,,,,
911.漏电,"DB418,D10.4",Boolean,1,RO,1000,,,,,,,,,,,
122.漏电,"DB419,D10.4",Boolean,1,RO,1000,,,,,,,,,,,
901.漏电,"DB420,D10.4",Boolean,1,RO,1000,,,,,,,,,,,
320.漏电,"DB421,D10.4",Boolean,1,RO,1000,,,,,,,,,,,
321.漏电,"DB422,D10.4",Boolean,1,RO,1000,,,,,,,,,,,
713.漏电,"DB423,D10.4",Boolean,1,RO,1000,,,,,,,,,,,
712.漏电,"DB424,D10.4",Boolean,1,RO,1000,,,,,,,,,,,
702.漏电,"DB425,D10.4",Boolean,1,RO,1000,,,,,,,,,,,
701.漏电,"DB426,D10.4",Boolean,1,RO,1000,,,,,,,,,,,
351.漏电,"DB427,D10.4",Boolean,1,RO,1000,,,,,,,,,,,
353.漏电,"DB428,D10.4",Boolean,1,RO,1000,,,,,,,,,,,
349.漏电,"DB429,D10.4",Boolean,1,RO,1000,,,,,,,,,,,
350.漏电,"DB430,D10.4",Boolean,1,RO,1000,,,,,,,,,,,
342f.漏电,"DB431,D10.4",Boolean,1,RO,1000,,,,,,,,,,,
343f.漏电,"DB432,D10.4",Boolean,1,RO,1000,,,,,,,,,,,
141L.过热,"DB300,D9.7",Boolean,1,RO,1000,,,,,,,,,,,
701L.过热,"DB301,D9.7",Boolean,1,RO,1000,,,,,,,,,,,
702L.过热,"DB302,D9.7",Boolean,1,RO,1000,,,,,,,,,,,
404.过热,"DB303,D9.7",Boolean,1,RO,1000,,,,,,,,,,,
311y.过热,"DB304,D9.7",Boolean,1,RO,1000,,,,,,,,,,,
311a.过热,"DB305,D9.7",Boolean,1,RO,1000,,,,,,,,,,,
311b.过热,"DB306,D9.7",Boolean,1,RO,1000,,,,,,,,,,,
324y.过热,"DB307,D9.7",Boolean,1,RO,1000,,,,,,,,,,,
324a.过热,"DB308,D9.7",Boolean,1,RO,1000,,,,,,,,,,,
324b.过热,"DB309,D9.7",Boolean,1,RO,1000,,,,,,,,,,,
902Y.过热,"DB310,D9.7",Boolean,1,RO,1000,,,,,,,,,,,
907.过热,"DB311,D9.7",Boolean,1,RO,1000,,,,,,,,,,,
111bZ.过热,"DB312,D9.7",Boolean,1,RO,1000,,,,,,,,,,,
111aZ.过热,"DB313,D9.7",Boolean,1,RO,1000,,,,,,,,,,,
111bL.过热,"DB314,D9.7",Boolean,1,RO,1000,,,,,,,,,,,
111aL.过热,"DB315,D9.7",Boolean,1,RO,1000,,,,,,,,,,,
114.过热,"DB316,D9.7",Boolean,1,RO,1000,,,,,,,,,,,
111bR.过热,"DB317,D9.7",Boolean,1,RO,1000,,,,,,,,,,,
111aR.过热,"DB318,D9.7",Boolean,1,RO,1000,,,,,,,,,,,
121Y.过热,"DB319,D9.7",Boolean,1,RO,1000,,,,,,,,,,,
XLFJ.过热,"DB320,D9.7",Boolean,1,RO,1000,,,,,,,,,,,
157.过热,"DB321,D9.7",Boolean,1,RO,1000,,,,,,,,,,,
156.过热,"DB322,D9.7",Boolean,1,RO,1000,,,,,,,,,,,
302.过热,"DB323,D9.7",Boolean,1,RO,1000,,,,,,,,,,,
304.过热,"DB324,D9.7",Boolean,1,RO,1000,,,,,,,,,,,
303.过热,"DB325,D9.7",Boolean,1,RO,1000,,,,,,,,,,,
310y.过热,"DB326,D9.7",Boolean,1,RO,1000,,,,,,,,,,,
309y.过热,"DB327,D9.7",Boolean,1,RO,1000,,,,,,,,,,,
310z.过热,"DB328,D9.7",Boolean,1,RO,1000,,,,,,,,,,,
309z.过热,"DB329,D9.7",Boolean,1,RO,1000,,,,,,,,,,,
310.过热,"DB330,D9.7",Boolean,1,RO,1000,,,,,,,,,,,
309.过热,"DB331,D9.7",Boolean,1,RO,1000,,,,,,,,,,,
357.过热,"DB332,D9.7",Boolean,1,RO,1000,,,,,,,,,,,
319.过热,"DB333,D9.7",Boolean,1,RO,1000,,,,,,,,,,,
318.过热,"DB334,D9.7",Boolean,1,RO,1000,,,,,,,,,,,
317.过热,"DB335,D9.7",Boolean,1,RO,1000,,,,,,,,,,,
327.过热,"DB336,D9.7",Boolean,1,RO,1000,,,,,,,,,,,
307.过热,"DB337,D9.7",Boolean,1,RO,1000,,,,,,,,,,,
306.过热,"DB338,D9.7",Boolean,1,RO,1000,,,,,,,,,,,
305.过热,"DB339,D9.7",Boolean,1,RO,1000,,,,,,,,,,,
323B.过热,"DB340,D9.7",Boolean,1,RO,1000,,,,,,,,,,,
323A.过热,"DB341,D9.7",Boolean,1,RO,1000,,,,,,,,,,,
SWQ2.过热,"DB342,D9.7",Boolean,1,RO,1000,,,,,,,,,,,
SWQ1.过热,"DB343,D9.7",Boolean,1,RO,1000,,,,,,,,,,,
312.过热,"DB344,D9.7",Boolean,1,RO,1000,,,,,,,,,,,
308B.过热,"DB345,D9.7",Boolean,1,RO,1000,,,,,,,,,,,
308A.过热,"DB346,D9.7",Boolean,1,RO,1000,,,,,,,,,,,
902f.过热,"DB347,D9.7",Boolean,1,RO,1000,,,,,,,,,,,
903f.过热,"DB348,D9.7",Boolean,1,RO,1000,,,,,,,,,,,
902.过热,"DB349,D9.7",Boolean,1,RO,1000,,,,,,,,,,,
903.过热,"DB350,D9.7",Boolean,1,RO,1000,,,,,,,,,,,
127.过热,"DB351,D9.7",Boolean,1,RO,1000,,,,,,,,,,,
128.过热,"DB352,D9.7",Boolean,1,RO,1000,,,,,,,,,,,
129.过热,"DB353,D9.7",Boolean,1,RO,1000,,,,,,,,,,,
130.过热,"DB354,D9.7",Boolean,1,RO,1000,,,,,,,,,,,
131.过热,"DB355,D9.7",Boolean,1,RO,1000,,,,,,,,,,,
132.过热,"DB356,D9.7",Boolean,1,RO,1000,,,,,,,,,,,
316f.过热,"DB357,D9.7",Boolean,1,RO,1000,,,,,,,,,,,
332f.过热,"DB358,D9.7",Boolean,1,RO,1000,,,,,,,,,,,
316.过热,"DB359,D9.7",Boolean,1,RO,1000,,,,,,,,,,,
332.过热,"DB360,D9.7",Boolean,1,RO,1000,,,,,,,,,,,
343.过热,"DB361,D9.7",Boolean,1,RO,1000,,,,,,,,,,,
342.过热,"DB362,D9.7",Boolean,1,RO,1000,,,,,,,,,,,
341.过热,"DB363,D9.7",Boolean,1,RO,1000,,,,,,,,,,,
334.过热,"DB364,D9.7",Boolean,1,RO,1000,,,,,,,,,,,
336y.过热,"DB365,D9.7",Boolean,1,RO,1000,,,,,,,,,,,
336.过热,"DB366,D9.7",Boolean,1,RO,1000,,,,,,,,,,,
352y.过热,"DB367,D9.7",Boolean,1,RO,1000,,,,,,,,,,,
XQJ.过热,"DB368,D9.7",Boolean,1,RO,1000,,,,,,,,,,,
352.过热,"DB369,D9.7",Boolean,1,RO,1000,,,,,,,,,,,
338f.过热,"DB370,D9.7",Boolean,1,RO,1000,,,,,,,,,,,
354.过热,"DB371,D9.7",Boolean,1,RO,1000,,,,,,,,,,,
406B.过热,"DB372,D9.7",Boolean,1,RO,1000,,,,,,,,,,,
406A.过热,"DB373,D9.7",Boolean,1,RO,1000,,,,,,,,,,,
328.过热,"DB374,D9.7",Boolean,1,RO,1000,,,,,,,,,,,
356.过热,"DB375,D9.7",Boolean,1,RO,1000,,,,,,,,,,,
403.过热,"DB376,D9.7",Boolean,1,RO,1000,,,,,,,,,,,
402.过热,"DB377,D9.7",Boolean,1,RO,1000,,,,,,,,,,,
405.过热,"DB378,D9.7",Boolean,1,RO,1000,,,,,,,,,,,
711y.过热,"DB380,D9.7",Boolean,1,RO,1000,,,,,,,,,,,
711.过热,"DB381,D9.7",Boolean,1,RO,1000,,,,,,,,,,,
713EZ.过热,"DB382,D9.7",Boolean,1,RO,1000,,,,,,,,,,,
713GZ.过热,"DB383,D9.7",Boolean,1,RO,1000,,,,,,,,,,,
713AZ.过热,"DB384,D9.7",Boolean,1,RO,1000,,,,,,,,,,,
713CZ.过热,"DB385,D9.7",Boolean,1,RO,1000,,,,,,,,,,,
712EZ.过热,"DB386,D9.7",Boolean,1,RO,1000,,,,,,,,,,,
712GZ.过热,"DB387,D9.7",Boolean,1,RO,1000,,,,,,,,,,,
712AZ.过热,"DB388,D9.7",Boolean,1,RO,1000,,,,,,,,,,,
712CZ.过热,"DB389,D9.7",Boolean,1,RO,1000,,,,,,,,,,,
338.过热,"DB390,D9.7",Boolean,1,RO,1000,,,,,,,,,,,
YSC1.过热,"DB391,D9.7",Boolean,1,RO,1000,,,,,,,,,,,
YSC2.过热,"DB392,D9.7",Boolean,1,RO,1000,,,,,,,,,,,
721Z.过热,"DB393,D9.7",Boolean,1,RO,1000,,,,,,,,,,,
725Z.过热,"DB394,D9.7",Boolean,1,RO,1000,,,,,,,,,,,
729Z.过热,"DB395,D9.7",Boolean,1,RO,1000,,,,,,,,,,,
733Z.过热,"DB396,D9.7",Boolean,1,RO,1000,,,,,,,,,,,
743.过热,"DB397,D9.7",Boolean,1,RO,1000,,,,,,,,,,,
744.过热,"DB398,D9.7",Boolean,1,RO,1000,,,,,,,,,,,
721.过热,"DB399,D9.7",Boolean,1,RO,1000,,,,,,,,,,,
722.过热,"DB400,D9.7",Boolean,1,RO,1000,,,,,,,,,,,
723.过热,"DB401,D9.7",Boolean,1,RO,1000,,,,,,,,,,,
724.过热,"DB402,D9.7",Boolean,1,RO,1000,,,,,,,,,,,
725.过热,"DB403,D9.7",Boolean,1,RO,1000,,,,,,,,,,,
726.过热,"DB404,D9.7",Boolean,1,RO,1000,,,,,,,,,,,
727.过热,"DB405,D9.7",Boolean,1,RO,1000,,,,,,,,,,,
728.过热,"DB406,D9.7",Boolean,1,RO,1000,,,,,,,,,,,
729.过热,"DB407,D9.7",Boolean,1,RO,1000,,,,,,,,,,,
730.过热,"DB408,D9.7",Boolean,1,RO,1000,,,,,,,,,,,
731.过热,"DB409,D9.7",Boolean,1,RO,1000,,,,,,,,,,,
732.过热,"DB410,D9.7",Boolean,1,RO,1000,,,,,,,,,,,
733.过热,"DB411,D9.7",Boolean,1,RO,1000,,,,,,,,,,,
734.过热,"DB412,D9.7",Boolean,1,RO,1000,,,,,,,,,,,
735.过热,"DB413,D9.7",Boolean,1,RO,1000,,,,,,,,,,,
736.过热,"DB414,D9.7",Boolean,1,RO,1000,,,,,,,,,,,
301.过热,"DB415,D9.7",Boolean,1,RO,1000,,,,,,,,,,,
121.过热,"DB416,D9.7",Boolean,1,RO,1000,,,,,,,,,,,
141.过热,"DB417,D9.7",Boolean,1,RO,1000,,,,,,,,,,,
911.过热,"DB418,D9.7",Boolean,1,RO,1000,,,,,,,,,,,
122.过热,"DB419,D9.7",Boolean,1,RO,1000,,,,,,,,,,,
901.过热,"DB420,D9.7",Boolean,1,RO,1000,,,,,,,,,,,
320.过热,"DB421,D9.7",Boolean,1,RO,1000,,,,,,,,,,,
321.过热,"DB422,D9.7",Boolean,1,RO,1000,,,,,,,,,,,
713.过热,"DB423,D9.7",Boolean,1,RO,1000,,,,,,,,,,,
712.过热,"DB424,D9.7",Boolean,1,RO,1000,,,,,,,,,,,
702.过热,"DB425,D9.7",Boolean,1,RO,1000,,,,,,,,,,,
701.过热,"DB426,D9.7",Boolean,1,RO,1000,,,,,,,,,,,
351.过热,"DB427,D9.7",Boolean,1,RO,1000,,,,,,,,,,,
353.过热,"DB428,D9.7",Boolean,1,RO,1000,,,,,,,,,,,
349.过热,"DB429,D9.7",Boolean,1,RO,1000,,,,,,,,,,,
350.过热,"DB430,D9.7",Boolean,1,RO,1000,,,,,,,,,,,
342f.过热,"DB431,D9.7",Boolean,1,RO,1000,,,,,,,,,,,
343f.过热,"DB432,D9.7",Boolean,1,RO,1000,,,,,,,,,,,
141L.急停,"DB300,D10.0",Boolean,1,RO,1000,,,,,,,,,,,
701L.急停,"DB301,D10.0",Boolean,1,RO,1000,,,,,,,,,,,
702L.急停,"DB302,D10.0",Boolean,1,RO,1000,,,,,,,,,,,
404.急停,"DB303,D10.0",Boolean,1,RO,1000,,,,,,,,,,,
311y.急停,"DB304,D10.0",Boolean,1,RO,1000,,,,,,,,,,,
311a.急停,"DB305,D10.0",Boolean,1,RO,1000,,,,,,,,,,,
311b.急停,"DB306,D10.0",Boolean,1,RO,1000,,,,,,,,,,,
324y.急停,"DB307,D10.0",Boolean,1,RO,1000,,,,,,,,,,,
324a.急停,"DB308,D10.0",Boolean,1,RO,1000,,,,,,,,,,,
324b.急停,"DB309,D10.0",Boolean,1,RO,1000,,,,,,,,,,,
902Y.急停,"DB310,D10.0",Boolean,1,RO,1000,,,,,,,,,,,
907.急停,"DB311,D10.0",Boolean,1,RO,1000,,,,,,,,,,,
111bZ.急停,"DB312,D10.0",Boolean,1,RO,1000,,,,,,,,,,,
111aZ.急停,"DB313,D10.0",Boolean,1,RO,1000,,,,,,,,,,,
111bL.急停,"DB314,D10.0",Boolean,1,RO,1000,,,,,,,,,,,
111aL.急停,"DB315,D10.0",Boolean,1,RO,1000,,,,,,,,,,,
114.急停,"DB316,D10.0",Boolean,1,RO,1000,,,,,,,,,,,
111bR.急停,"DB317,D10.0",Boolean,1,RO,1000,,,,,,,,,,,
111aR.急停,"DB318,D10.0",Boolean,1,RO,1000,,,,,,,,,,,
121Y.急停,"DB319,D10.0",Boolean,1,RO,1000,,,,,,,,,,,
XLFJ.急停,"DB320,D10.0",Boolean,1,RO,1000,,,,,,,,,,,
157.急停,"DB321,D10.0",Boolean,1,RO,1000,,,,,,,,,,,
156.急停,"DB322,D10.0",Boolean,1,RO,1000,,,,,,,,,,,
302.急停,"DB323,D10.0",Boolean,1,RO,1000,,,,,,,,,,,
304.急停,"DB324,D10.0",Boolean,1,RO,1000,,,,,,,,,,,
303.急停,"DB325,D10.0",Boolean,1,RO,1000,,,,,,,,,,,
310y.急停,"DB326,D10.0",Boolean,1,RO,1000,,,,,,,,,,,
309y.急停,"DB327,D10.0",Boolean,1,RO,1000,,,,,,,,,,,
310z.急停,"DB328,D10.0",Boolean,1,RO,1000,,,,,,,,,,,
309z.急停,"DB329,D10.0",Boolean,1,RO,1000,,,,,,,,,,,
310.急停,"DB330,D10.0",Boolean,1,RO,1000,,,,,,,,,,,
309.急停,"DB331,D10.0",Boolean,1,RO,1000,,,,,,,,,,,
357.急停,"DB332,D10.0",Boolean,1,RO,1000,,,,,,,,,,,
319.急停,"DB333,D10.0",Boolean,1,RO,1000,,,,,,,,,,,
318.急停,"DB334,D10.0",Boolean,1,RO,1000,,,,,,,,,,,
317.急停,"DB335,D10.0",Boolean,1,RO,1000,,,,,,,,,,,
327.急停,"DB336,D10.0",Boolean,1,RO,1000,,,,,,,,,,,
307.急停,"DB337,D10.0",Boolean,1,RO,1000,,,,,,,,,,,
306.急停,"DB338,D10.0",Boolean,1,RO,1000,,,,,,,,,,,
305.急停,"DB339,D10.0",Boolean,1,RO,1000,,,,,,,,,,,
323B.急停,"DB340,D10.0",Boolean,1,RO,1000,,,,,,,,,,,
323A.急停,"DB341,D10.0",Boolean,1,RO,1000,,,,,,,,,,,
SWQ2.急停,"DB342,D10.0",Boolean,1,RO,1000,,,,,,,,,,,
SWQ1.急停,"DB343,D10.0",Boolean,1,RO,1000,,,,,,,,,,,
312.急停,"DB344,D10.0",Boolean,1,RO,1000,,,,,,,,,,,
308B.急停,"DB345,D10.0",Boolean,1,RO,1000,,,,,,,,,,,
308A.急停,"DB346,D10.0",Boolean,1,RO,1000,,,,,,,,,,,
902f.急停,"DB347,D10.0",Boolean,1,RO,1000,,,,,,,,,,,
903f.急停,"DB348,D10.0",Boolean,1,RO,1000,,,,,,,,,,,
902.急停,"DB349,D10.0",Boolean,1,RO,1000,,,,,,,,,,,
903.急停,"DB350,D10.0",Boolean,1,RO,1000,,,,,,,,,,,
127.急停,"DB351,D10.0",Boolean,1,RO,1000,,,,,,,,,,,
128.急停,"DB352,D10.0",Boolean,1,RO,1000,,,,,,,,,,,
129.急停,"DB353,D10.0",Boolean,1,RO,1000,,,,,,,,,,,
130.急停,"DB354,D10.0",Boolean,1,RO,1000,,,,,,,,,,,
131.急停,"DB355,D10.0",Boolean,1,RO,1000,,,,,,,,,,,
132.急停,"DB356,D10.0",Boolean,1,RO,1000,,,,,,,,,,,
316f.急停,"DB357,D10.0",Boolean,1,RO,1000,,,,,,,,,,,
332f.急停,"DB358,D10.0",Boolean,1,RO,1000,,,,,,,,,,,
316.急停,"DB359,D10.0",Boolean,1,RO,1000,,,,,,,,,,,
332.急停,"DB360,D10.0",Boolean,1,RO,1000,,,,,,,,,,,
343.急停,"DB361,D10.0",Boolean,1,RO,1000,,,,,,,,,,,
342.急停,"DB362,D10.0",Boolean,1,RO,1000,,,,,,,,,,,
341.急停,"DB363,D10.0",Boolean,1,RO,1000,,,,,,,,,,,
334.急停,"DB364,D10.0",Boolean,1,RO,1000,,,,,,,,,,,
336y.急停,"DB365,D10.0",Boolean,1,RO,1000,,,,,,,,,,,
336.急停,"DB366,D10.0",Boolean,1,RO,1000,,,,,,,,,,,
352y.急停,"DB367,D10.0",Boolean,1,RO,1000,,,,,,,,,,,
XQJ.急停,"DB368,D10.0",Boolean,1,RO,1000,,,,,,,,,,,
352.急停,"DB369,D10.0",Boolean,1,RO,1000,,,,,,,,,,,
338f.急停,"DB370,D10.0",Boolean,1,RO,1000,,,,,,,,,,,
354.急停,"DB371,D10.0",Boolean,1,RO,1000,,,,,,,,,,,
406B.急停,"DB372,D10.0",Boolean,1,RO,1000,,,,,,,,,,,
406A.急停,"DB373,D10.0",Boolean,1,RO,1000,,,,,,,,,,,
328.急停,"DB374,D10.0",Boolean,1,RO,1000,,,,,,,,,,,
356.急停,"DB375,D10.0",Boolean,1,RO,1000,,,,,,,,,,,
403.急停,"DB376,D10.0",Boolean,1,RO,1000,,,,,,,,,,,
402.急停,"DB377,D10.0",Boolean,1,RO,1000,,,,,,,,,,,
405.急停,"DB378,D10.0",Boolean,1,RO,1000,,,,,,,,,,,
711y.急停,"DB380,D10.0",Boolean,1,RO,1000,,,,,,,,,,,
711.急停,"DB381,D10.0",Boolean,1,RO,1000,,,,,,,,,,,
713EZ.急停,"DB382,D10.0",Boolean,1,RO,1000,,,,,,,,,,,
713GZ.急停,"DB383,D10.0",Boolean,1,RO,1000,,,,,,,,,,,
713AZ.急停,"DB384,D10.0",Boolean,1,RO,1000,,,,,,,,,,,
713CZ.急停,"DB385,D10.0",Boolean,1,RO,1000,,,,,,,,,,,
712EZ.急停,"DB386,D10.0",Boolean,1,RO,1000,,,,,,,,,,,
712GZ.急停,"DB387,D10.0",Boolean,1,RO,1000,,,,,,,,,,,
712AZ.急停,"DB388,D10.0",Boolean,1,RO,1000,,,,,,,,,,,
712CZ.急停,"DB389,D10.0",Boolean,1,RO,1000,,,,,,,,,,,
338.急停,"DB390,D10.0",Boolean,1,RO,1000,,,,,,,,,,,
YSC1.急停,"DB391,D10.0",Boolean,1,RO,1000,,,,,,,,,,,
YSC2.急停,"DB392,D10.0",Boolean,1,RO,1000,,,,,,,,,,,
721Z.急停,"DB393,D10.0",Boolean,1,RO,1000,,,,,,,,,,,
725Z.急停,"DB394,D10.0",Boolean,1,RO,1000,,,,,,,,,,,
729Z.急停,"DB395,D10.0",Boolean,1,RO,1000,,,,,,,,,,,
733Z.急停,"DB396,D10.0",Boolean,1,RO,1000,,,,,,,,,,,
743.急停,"DB397,D10.0",Boolean,1,RO,1000,,,,,,,,,,,
744.急停,"DB398,D10.0",Boolean,1,RO,1000,,,,,,,,,,,
721.急停,"DB399,D10.0",Boolean,1,RO,1000,,,,,,,,,,,
722.急停,"DB400,D10.0",Boolean,1,RO,1000,,,,,,,,,,,
723.急停,"DB401,D10.0",Boolean,1,RO,1000,,,,,,,,,,,
724.急停,"DB402,D10.0",Boolean,1,RO,1000,,,,,,,,,,,
725.急停,"DB403,D10.0",Boolean,1,RO,1000,,,,,,,,,,,
726.急停,"DB404,D10.0",Boolean,1,RO,1000,,,,,,,,,,,
727.急停,"DB405,D10.0",Boolean,1,RO,1000,,,,,,,,,,,
728.急停,"DB406,D10.0",Boolean,1,RO,1000,,,,,,,,,,,
729.急停,"DB407,D10.0",Boolean,1,RO,1000,,,,,,,,,,,
730.急停,"DB408,D10.0",Boolean,1,RO,1000,,,,,,,,,,,
731.急停,"DB409,D10.0",Boolean,1,RO,1000,,,,,,,,,,,
732.急停,"DB410,D10.0",Boolean,1,RO,1000,,,,,,,,,,,
733.急停,"DB411,D10.0",Boolean,1,RO,1000,,,,,,,,,,,
734.急停,"DB412,D10.0",Boolean,1,RO,1000,,,,,,,,,,,
735.急停,"DB413,D10.0",Boolean,1,RO,1000,,,,,,,,,,,
736.急停,"DB414,D10.0",Boolean,1,RO,1000,,,,,,,,,,,
301.急停,"DB415,D10.0",Boolean,1,RO,1000,,,,,,,,,,,
121.急停,"DB416,D10.0",Boolean,1,RO,1000,,,,,,,,,,,
141.急停,"DB417,D10.0",Boolean,1,RO,1000,,,,,,,,,,,
911.急停,"DB418,D10.0",Boolean,1,RO,1000,,,,,,,,,,,
122.急停,"DB419,D10.0",Boolean,1,RO,1000,,,,,,,,,,,
901.急停,"DB420,D10.0",Boolean,1,RO,1000,,,,,,,,,,,
320.急停,"DB421,D10.0",Boolean,1,RO,1000,,,,,,,,,,,
321.急停,"DB422,D10.0",Boolean,1,RO,1000,,,,,,,,,,,
713.急停,"DB423,D10.0",Boolean,1,RO,1000,,,,,,,,,,,
712.急停,"DB424,D10.0",Boolean,1,RO,1000,,,,,,,,,,,
702.急停,"DB425,D10.0",Boolean,1,RO,1000,,,,,,,,,,,
701.急停,"DB426,D10.0",Boolean,1,RO,1000,,,,,,,,,,,
351.急停,"DB427,D10.0",Boolean,1,RO,1000,,,,,,,,,,,
353.急停,"DB428,D10.0",Boolean,1,RO,1000,,,,,,,,,,,
349.急停,"DB429,D10.0",Boolean,1,RO,1000,,,,,,,,,,,
350.急停,"DB430,D10.0",Boolean,1,RO,1000,,,,,,,,,,,
342f.急停,"DB431,D10.0",Boolean,1,RO,1000,,,,,,,,,,,
343f.急停,"DB432,D10.0",Boolean,1,RO,1000,,,,,,,,,,,
141L.运行,"DB300,D8.7",Boolean,1,RO,1000,,,,,,,,,,,
701L.运行,"DB301,D8.7",Boolean,1,RO,1000,,,,,,,,,,,
702L.运行,"DB302,D8.7",Boolean,1,RO,1000,,,,,,,,,,,
404.运行,"DB303,D8.7",Boolean,1,RO,1000,,,,,,,,,,,
311y.运行,"DB304,D8.7",Boolean,1,RO,1000,,,,,,,,,,,
311a.运行,"DB305,D8.7",Boolean,1,RO,1000,,,,,,,,,,,
311b.运行,"DB306,D8.7",Boolean,1,RO,1000,,,,,,,,,,,
324y.运行,"DB307,D8.7",Boolean,1,RO,1000,,,,,,,,,,,
324a.运行,"DB308,D8.7",Boolean,1,RO,1000,,,,,,,,,,,
324b.运行,"DB309,D8.7",Boolean,1,RO,1000,,,,,,,,,,,
902Y.运行,"DB310,D8.7",Boolean,1,RO,1000,,,,,,,,,,,
907.运行,"DB311,D8.7",Boolean,1,RO,1000,,,,,,,,,,,
111bZ.运行,"DB312,D8.7",Boolean,1,RO,1000,,,,,,,,,,,
111aZ.运行,"DB313,D8.7",Boolean,1,RO,1000,,,,,,,,,,,
111bL.运行,"DB314,D8.7",Boolean,1,RO,1000,,,,,,,,,,,
111aL.运行,"DB315,D8.7",Boolean,1,RO,1000,,,,,,,,,,,
114.运行,"DB316,D8.7",Boolean,1,RO,1000,,,,,,,,,,,
111bR.运行,"DB317,D8.7",Boolean,1,RO,1000,,,,,,,,,,,
111aR.运行,"DB318,D8.7",Boolean,1,RO,1000,,,,,,,,,,,
121Y.运行,"DB319,D8.7",Boolean,1,RO,1000,,,,,,,,,,,
XLFJ.运行,"DB320,D8.7",Boolean,1,RO,1000,,,,,,,,,,,
157.运行,"DB321,D8.7",Boolean,1,RO,1000,,,,,,,,,,,
156.运行,"DB322,D8.7",Boolean,1,RO,1000,,,,,,,,,,,
302.运行,"DB323,D8.7",Boolean,1,RO,1000,,,,,,,,,,,
304.运行,"DB324,D8.7",Boolean,1,RO,1000,,,,,,,,,,,
303.运行,"DB325,D8.7",Boolean,1,RO,1000,,,,,,,,,,,
310y.运行,"DB326,D8.7",Boolean,1,RO,1000,,,,,,,,,,,
309y.运行,"DB327,D8.7",Boolean,1,RO,1000,,,,,,,,,,,
310z.运行,"DB328,D8.7",Boolean,1,RO,1000,,,,,,,,,,,
309z.运行,"DB329,D8.7",Boolean,1,RO,1000,,,,,,,,,,,
310.运行,"DB330,D8.7",Boolean,1,RO,1000,,,,,,,,,,,
309.运行,"DB331,D8.7",Boolean,1,RO,1000,,,,,,,,,,,
357.运行,"DB332,D8.7",Boolean,1,RO,1000,,,,,,,,,,,
319.运行,"DB333,D8.7",Boolean,1,RO,1000,,,,,,,,,,,
318.运行,"DB334,D8.7",Boolean,1,RO,1000,,,,,,,,,,,
317.运行,"DB335,D8.7",Boolean,1,RO,1000,,,,,,,,,,,
327.运行,"DB336,D8.7",Boolean,1,RO,1000,,,,,,,,,,,
307.运行,"DB337,D8.7",Boolean,1,RO,1000,,,,,,,,,,,
306.运行,"DB338,D8.7",Boolean,1,RO,1000,,,,,,,,,,,
305.运行,"DB339,D8.7",Boolean,1,RO,1000,,,,,,,,,,,
323B.运行,"DB340,D8.7",Boolean,1,RO,1000,,,,,,,,,,,
323A.运行,"DB341,D8.7",Boolean,1,RO,1000,,,,,,,,,,,
SWQ2.运行,"DB342,D8.7",Boolean,1,RO,1000,,,,,,,,,,,
SWQ1.运行,"DB343,D8.7",Boolean,1,RO,1000,,,,,,,,,,,
312.运行,"DB344,D8.7",Boolean,1,RO,1000,,,,,,,,,,,
308B.运行,"DB345,D8.7",Boolean,1,RO,1000,,,,,,,,,,,
308A.运行,"DB346,D8.7",Boolean,1,RO,1000,,,,,,,,,,,
902f.运行,"DB347,D8.7",Boolean,1,RO,1000,,,,,,,,,,,
903f.运行,"DB348,D8.7",Boolean,1,RO,1000,,,,,,,,,,,
902.运行,"DB349,D8.7",Boolean,1,RO,1000,,,,,,,,,,,
903.运行,"DB350,D8.7",Boolean,1,RO,1000,,,,,,,,,,,
127.运行,"DB351,D8.7",Boolean,1,RO,1000,,,,,,,,,,,
128.运行,"DB352,D8.7",Boolean,1,RO,1000,,,,,,,,,,,
129.运行,"DB353,D8.7",Boolean,1,RO,1000,,,,,,,,,,,
130.运行,"DB354,D8.7",Boolean,1,RO,1000,,,,,,,,,,,
131.运行,"DB355,D8.7",Boolean,1,RO,1000,,,,,,,,,,,
132.运行,"DB356,D8.7",Boolean,1,RO,1000,,,,,,,,,,,
316f.运行,"DB357,D8.7",Boolean,1,RO,1000,,,,,,,,,,,
332f.运行,"DB358,D8.7",Boolean,1,RO,1000,,,,,,,,,,,
316.运行,"DB359,D8.7",Boolean,1,RO,1000,,,,,,,,,,,
332.运行,"DB360,D8.7",Boolean,1,RO,1000,,,,,,,,,,,
343.运行,"DB361,D8.7",Boolean,1,RO,1000,,,,,,,,,,,
342.运行,"DB362,D8.7",Boolean,1,RO,1000,,,,,,,,,,,
341.运行,"DB363,D8.7",Boolean,1,RO,1000,,,,,,,,,,,
334.运行,"DB364,D8.7",Boolean,1,RO,1000,,,,,,,,,,,
336y.运行,"DB365,D8.7",Boolean,1,RO,1000,,,,,,,,,,,
336.运行,"DB366,D8.7",Boolean,1,RO,1000,,,,,,,,,,,
352y.运行,"DB367,D8.7",Boolean,1,RO,1000,,,,,,,,,,,
XQJ.运行,"DB368,D8.7",Boolean,1,RO,1000,,,,,,,,,,,
352.运行,"DB369,D8.7",Boolean,1,RO,1000,,,,,,,,,,,
338f.运行,"DB370,D8.7",Boolean,1,RO,1000,,,,,,,,,,,
354.运行,"DB371,D8.7",Boolean,1,RO,1000,,,,,,,,,,,
406B.运行,"DB372,D8.7",Boolean,1,RO,1000,,,,,,,,,,,
406A.运行,"DB373,D8.7",Boolean,1,RO,1000,,,,,,,,,,,
328.运行,"DB374,D8.7",Boolean,1,RO,1000,,,,,,,,,,,
356.运行,"DB375,D8.7",Boolean,1,RO,1000,,,,,,,,,,,
403.运行,"DB376,D8.7",Boolean,1,RO,1000,,,,,,,,,,,
402.运行,"DB377,D8.7",Boolean,1,RO,1000,,,,,,,,,,,
405.运行,"DB378,D8.7",Boolean,1,RO,1000,,,,,,,,,,,
711y.运行,"DB380,D8.7",Boolean,1,RO,1000,,,,,,,,,,,
711.运行,"DB381,D8.7",Boolean,1,RO,1000,,,,,,,,,,,
713EZ.运行,"DB382,D8.7",Boolean,1,RO,1000,,,,,,,,,,,
713GZ.运行,"DB383,D8.7",Boolean,1,RO,1000,,,,,,,,,,,
713AZ.运行,"DB384,D8.7",Boolean,1,RO,1000,,,,,,,,,,,
713CZ.运行,"DB385,D8.7",Boolean,1,RO,1000,,,,,,,,,,,
712EZ.运行,"DB386,D8.7",Boolean,1,RO,1000,,,,,,,,,,,
712GZ.运行,"DB387,D8.7",Boolean,1,RO,1000,,,,,,,,,,,
712AZ.运行,"DB388,D8.7",Boolean,1,RO,1000,,,,,,,,,,,
712CZ.运行,"DB389,D8.7",Boolean,1,RO,1000,,,,,,,,,,,
338.运行,"DB390,D8.7",Boolean,1,RO,1000,,,,,,,,,,,
YSC1.运行,"DB391,D8.7",Boolean,1,RO,1000,,,,,,,,,,,
YSC2.运行,"DB392,D8.7",Boolean,1,RO,1000,,,,,,,,,,,
721Z.运行,"DB393,D8.7",Boolean,1,RO,1000,,,,,,,,,,,
725Z.运行,"DB394,D8.7",Boolean,1,RO,1000,,,,,,,,,,,
729Z.运行,"DB395,D8.7",Boolean,1,RO,1000,,,,,,,,,,,
733Z.运行,"DB396,D8.7",Boolean,1,RO,1000,,,,,,,,,,,
743.运行,"DB397,D8.7",Boolean,1,RO,1000,,,,,,,,,,,
744.运行,"DB398,D8.7",Boolean,1,RO,1000,,,,,,,,,,,
721.运行,"DB399,D8.7",Boolean,1,RO,1000,,,,,,,,,,,
722.运行,"DB400,D8.7",Boolean,1,RO,1000,,,,,,,,,,,
723.运行,"DB401,D8.7",Boolean,1,RO,1000,,,,,,,,,,,
724.运行,"DB402,D8.7",Boolean,1,RO,1000,,,,,,,,,,,
725.运行,"DB403,D8.7",Boolean,1,RO,1000,,,,,,,,,,,
726.运行,"DB404,D8.7",Boolean,1,RO,1000,,,,,,,,,,,
727.运行,"DB405,D8.7",Boolean,1,RO,1000,,,,,,,,,,,
728.运行,"DB406,D8.7",Boolean,1,RO,1000,,,,,,,,,,,
729.运行,"DB407,D8.7",Boolean,1,RO,1000,,,,,,,,,,,
730.运行,"DB408,D8.7",Boolean,1,RO,1000,,,,,,,,,,,
731.运行,"DB409,D8.7",Boolean,1,RO,1000,,,,,,,,,,,
732.运行,"DB410,D8.7",Boolean,1,RO,1000,,,,,,,,,,,
733.运行,"DB411,D8.7",Boolean,1,RO,1000,,,,,,,,,,,
734.运行,"DB412,D8.7",Boolean,1,RO,1000,,,,,,,,,,,
735.运行,"DB413,D8.7",Boolean,1,RO,1000,,,,,,,,,,,
736.运行,"DB414,D8.7",Boolean,1,RO,1000,,,,,,,,,,,
301.运行,"DB415,D8.7",Boolean,1,RO,1000,,,,,,,,,,,
121.运行,"DB416,D8.7",Boolean,1,RO,1000,,,,,,,,,,,
141.运行,"DB417,D8.7",Boolean,1,RO,1000,,,,,,,,,,,
911.运行,"DB418,D8.7",Boolean,1,RO,1000,,,,,,,,,,,
122.运行,"DB419,D8.7",Boolean,1,RO,1000,,,,,,,,,,,
901.运行,"DB420,D8.7",Boolean,1,RO,1000,,,,,,,,,,,
320.运行,"DB421,D8.7",Boolean,1,RO,1000,,,,,,,,,,,
321.运行,"DB422,D8.7",Boolean,1,RO,1000,,,,,,,,,,,
713.运行,"DB423,D8.7",Boolean,1,RO,1000,,,,,,,,,,,
712.运行,"DB424,D8.7",Boolean,1,RO,1000,,,,,,,,,,,
702.运行,"DB425,D8.7",Boolean,1,RO,1000,,,,,,,,,,,
701.运行,"DB426,D8.7",Boolean,1,RO,1000,,,,,,,,,,,
351.运行,"DB427,D8.7",Boolean,1,RO,1000,,,,,,,,,,,
353.运行,"DB428,D8.7",Boolean,1,RO,1000,,,,,,,,,,,
349.运行,"DB429,D8.7",Boolean,1,RO,1000,,,,,,,,,,,
350.运行,"DB430,D8.7",Boolean,1,RO,1000,,,,,,,,,,,
342f.运行,"DB431,D8.7",Boolean,1,RO,1000,,,,,,,,,,,
343f.运行,"DB432,D8.7",Boolean,1,RO,1000,,,,,,,,,,,
